configuration,sample,dimension,normalized_rmse
W2 no-clip baseline,sample-1000.npz,0,0.10476993769407272
W2 no-clip baseline,sample-1000.npz,1,0.07897427678108215
W2 no-clip baseline,sample-1000.npz,2,0.32782331109046936
W2 no-clip baseline,sample-1000.npz,3,0.30427053570747375
W2 no-clip baseline,sample-1000.npz,4,0.17777660489082336
W2 no-clip baseline,sample-1000.npz,5,0.2734192907810211
W2 no-clip baseline,sample-1000.npz,6,0.07314446568489075
W2 no-clip baseline,sample-1001.npz,0,0.3225178122520447
W2 no-clip baseline,sample-1001.npz,1,0.8610753417015076
W2 no-clip baseline,sample-1001.npz,2,0.3421042859554291
W2 no-clip baseline,sample-1001.npz,3,0.15075640380382538
W2 no-clip baseline,sample-1001.npz,4,0.11919987946748734
W2 no-clip baseline,sample-1001.npz,5,0.06514095515012741
W2 no-clip baseline,sample-1001.npz,6,0.1607624739408493
W2 no-clip baseline,sample-1002.npz,0,0.18423059582710266
W2 no-clip baseline,sample-1002.npz,1,0.25906094908714294
W2 no-clip baseline,sample-1002.npz,2,0.30445900559425354
W2 no-clip baseline,sample-1002.npz,3,0.09245243668556213
W2 no-clip baseline,sample-1002.npz,4,0.40795665979385376
W2 no-clip baseline,sample-1002.npz,5,0.2676563262939453
W2 no-clip baseline,sample-1002.npz,6,0.40042856335639954
W2 no-clip baseline,sample-1003.npz,0,0.38298043608665466
W2 no-clip baseline,sample-1003.npz,1,0.137788787484169
W2 no-clip baseline,sample-1003.npz,2,0.07566941529512405
W2 no-clip baseline,sample-1003.npz,3,0.389211505651474
W2 no-clip baseline,sample-1003.npz,4,0.4308972954750061
W2 no-clip baseline,sample-1003.npz,5,0.4254578948020935
W2 no-clip baseline,sample-1003.npz,6,0.04721960052847862
W2 no-clip baseline,sample-1004.npz,0,0.2667526602745056
W2 no-clip baseline,sample-1004.npz,1,0.4547332525253296
W2 no-clip baseline,sample-1004.npz,2,0.25882554054260254
W2 no-clip baseline,sample-1004.npz,3,0.1865314245223999
W2 no-clip baseline,sample-1004.npz,4,0.20697033405303955
W2 no-clip baseline,sample-1004.npz,5,0.10968576371669769
W2 no-clip baseline,sample-1004.npz,6,0.00978656206279993
W2 no-clip baseline,sample-1005.npz,0,0.08420126885175705
W2 no-clip baseline,sample-1005.npz,1,0.06678394973278046
W2 no-clip baseline,sample-1005.npz,2,0.13884712755680084
W2 no-clip baseline,sample-1005.npz,3,0.13052964210510254
W2 no-clip baseline,sample-1005.npz,4,0.14757126569747925
W2 no-clip baseline,sample-1005.npz,5,0.35151761770248413
W2 no-clip baseline,sample-1005.npz,6,0.009649931453168392
W2 no-clip baseline,sample-1006.npz,0,0.11406319588422775
W2 no-clip baseline,sample-1006.npz,1,0.12149496376514435
W2 no-clip baseline,sample-1006.npz,2,0.3414199948310852
W2 no-clip baseline,sample-1006.npz,3,0.07814525067806244
W2 no-clip baseline,sample-1006.npz,4,0.3197801411151886
W2 no-clip baseline,sample-1006.npz,5,0.27412256598472595
W2 no-clip baseline,sample-1006.npz,6,0.11491946130990982
W2 no-clip baseline,sample-1007.npz,0,0.11298518627882004
W2 no-clip baseline,sample-1007.npz,1,0.28986966609954834
W2 no-clip baseline,sample-1007.npz,2,0.21705955266952515
W2 no-clip baseline,sample-1007.npz,3,0.10764454305171967
W2 no-clip baseline,sample-1007.npz,4,0.05105619132518768
W2 no-clip baseline,sample-1007.npz,5,0.05623282492160797
W2 no-clip baseline,sample-1007.npz,6,0.02716825157403946
W2 no-clip baseline,sample-1008.npz,0,0.11233687400817871
W2 no-clip baseline,sample-1008.npz,1,0.24230648577213287
W2 no-clip baseline,sample-1008.npz,2,0.23498134315013885
W2 no-clip baseline,sample-1008.npz,3,0.36470359563827515
W2 no-clip baseline,sample-1008.npz,4,0.4211532771587372
W2 no-clip baseline,sample-1008.npz,5,0.18159261345863342
W2 no-clip baseline,sample-1008.npz,6,0.02235683612525463
W2 no-clip baseline,sample-1009.npz,0,0.10375791043043137
W2 no-clip baseline,sample-1009.npz,1,0.199696883559227
W2 no-clip baseline,sample-1009.npz,2,0.09325750917196274
W2 no-clip baseline,sample-1009.npz,3,0.04713955521583557
W2 no-clip baseline,sample-1009.npz,4,0.04201524704694748
W2 no-clip baseline,sample-1009.npz,5,0.04283782094717026
W2 no-clip baseline,sample-1009.npz,6,0.04978126287460327
W2 no-clip baseline,sample-1010.npz,0,0.2026037722826004
W2 no-clip baseline,sample-1010.npz,1,0.17386110126972198
W2 no-clip baseline,sample-1010.npz,2,0.2805689573287964
W2 no-clip baseline,sample-1010.npz,3,0.4314580261707306
W2 no-clip baseline,sample-1010.npz,4,0.2498873919248581
W2 no-clip baseline,sample-1010.npz,5,0.11667275428771973
W2 no-clip baseline,sample-1010.npz,6,0.31454962491989136
W2 no-clip baseline,sample-1011.npz,0,0.41719815135002136
W2 no-clip baseline,sample-1011.npz,1,0.3350640833377838
W2 no-clip baseline,sample-1011.npz,2,0.37931501865386963
W2 no-clip baseline,sample-1011.npz,3,0.09407006949186325
W2 no-clip baseline,sample-1011.npz,4,0.13857655227184296
W2 no-clip baseline,sample-1011.npz,5,0.1000828891992569
W2 no-clip baseline,sample-1011.npz,6,0.010985292494297028
W2 no-clip baseline,sample-1012.npz,0,0.2952488958835602
W2 no-clip baseline,sample-1012.npz,1,0.25404512882232666
W2 no-clip baseline,sample-1012.npz,2,0.16585300862789154
W2 no-clip baseline,sample-1012.npz,3,0.5827904939651489
W2 no-clip baseline,sample-1012.npz,4,0.09827763587236404
W2 no-clip baseline,sample-1012.npz,5,0.27478790283203125
W2 no-clip baseline,sample-1012.npz,6,0.41193947196006775
W2 no-clip baseline,sample-1013.npz,0,0.24456869065761566
W2 no-clip baseline,sample-1013.npz,1,0.19131779670715332
W2 no-clip baseline,sample-1013.npz,2,0.2658977210521698
W2 no-clip baseline,sample-1013.npz,3,0.23682565987110138
W2 no-clip baseline,sample-1013.npz,4,0.4384344518184662
W2 no-clip baseline,sample-1013.npz,5,0.045654296875
W2 no-clip baseline,sample-1013.npz,6,0.05220729112625122
W2 no-clip baseline,sample-1014.npz,0,0.2332257330417633
W2 no-clip baseline,sample-1014.npz,1,0.15726670622825623
W2 no-clip baseline,sample-1014.npz,2,0.1623053103685379
W2 no-clip baseline,sample-1014.npz,3,0.8217431306838989
W2 no-clip baseline,sample-1014.npz,4,0.16933885216712952
W2 no-clip baseline,sample-1014.npz,5,0.14397311210632324
W2 no-clip baseline,sample-1014.npz,6,0.3366033136844635
W2 no-clip baseline,sample-1015.npz,0,0.1095106452703476
W2 no-clip baseline,sample-1015.npz,1,0.29667720198631287
W2 no-clip baseline,sample-1015.npz,2,0.26337534189224243
W2 no-clip baseline,sample-1015.npz,3,0.16402679681777954
W2 no-clip baseline,sample-1015.npz,4,0.16236884891986847
W2 no-clip baseline,sample-1015.npz,5,0.0364764966070652
W2 no-clip baseline,sample-1015.npz,6,0.026423389092087746
W2 no-clip baseline,sample-1016.npz,0,0.24917274713516235
W2 no-clip baseline,sample-1016.npz,1,0.16829562187194824
W2 no-clip baseline,sample-1016.npz,2,0.16211684048175812
W2 no-clip baseline,sample-1016.npz,3,0.11147703230381012
W2 no-clip baseline,sample-1016.npz,4,0.17420201003551483
W2 no-clip baseline,sample-1016.npz,5,0.2483573853969574
W2 no-clip baseline,sample-1016.npz,6,0.014028961770236492
W2 no-clip baseline,sample-1017.npz,0,0.07351592928171158
W2 no-clip baseline,sample-1017.npz,1,0.2365352213382721
W2 no-clip baseline,sample-1017.npz,2,0.07985749840736389
W2 no-clip baseline,sample-1017.npz,3,0.29054853320121765
W2 no-clip baseline,sample-1017.npz,4,0.17272651195526123
W2 no-clip baseline,sample-1017.npz,5,0.44505539536476135
W2 no-clip baseline,sample-1017.npz,6,0.038268815726041794
W2 no-clip baseline,sample-1018.npz,0,0.17906956374645233
W2 no-clip baseline,sample-1018.npz,1,0.21299587190151215
W2 no-clip baseline,sample-1018.npz,2,0.619296669960022
W2 no-clip baseline,sample-1018.npz,3,0.12591369450092316
W2 no-clip baseline,sample-1018.npz,4,0.11754357814788818
W2 no-clip baseline,sample-1018.npz,5,0.21969082951545715
W2 no-clip baseline,sample-1018.npz,6,0.15199346840381622
W2 no-clip baseline,sample-1019.npz,0,0.22863349318504333
W2 no-clip baseline,sample-1019.npz,1,0.24463830888271332
W2 no-clip baseline,sample-1019.npz,2,0.24182593822479248
W2 no-clip baseline,sample-1019.npz,3,0.785173773765564
W2 no-clip baseline,sample-1019.npz,4,0.6754822731018066
W2 no-clip baseline,sample-1019.npz,5,0.09115805476903915
W2 no-clip baseline,sample-1019.npz,6,0.03321438655257225
W2 no-clip baseline,sample-1020.npz,0,0.19275161623954773
W2 no-clip baseline,sample-1020.npz,1,0.3408973515033722
W2 no-clip baseline,sample-1020.npz,2,0.13012586534023285
W2 no-clip baseline,sample-1020.npz,3,0.14433246850967407
W2 no-clip baseline,sample-1020.npz,4,0.08195596933364868
W2 no-clip baseline,sample-1020.npz,5,0.18196596205234528
W2 no-clip baseline,sample-1020.npz,6,0.03961864113807678
W2 no-clip baseline,sample-1021.npz,0,0.4024409055709839
W2 no-clip baseline,sample-1021.npz,1,0.06726240366697311
W2 no-clip baseline,sample-1021.npz,2,0.11759300529956818
W2 no-clip baseline,sample-1021.npz,3,0.0928526446223259
W2 no-clip baseline,sample-1021.npz,4,0.08101481199264526
W2 no-clip baseline,sample-1021.npz,5,0.04663405567407608
W2 no-clip baseline,sample-1021.npz,6,0.06101757660508156
W2 no-clip baseline,sample-1022.npz,0,0.05054318904876709
W2 no-clip baseline,sample-1022.npz,1,0.2811991274356842
W2 no-clip baseline,sample-1022.npz,2,0.24350222945213318
W2 no-clip baseline,sample-1022.npz,3,0.1427251696586609
W2 no-clip baseline,sample-1022.npz,4,0.28896665573120117
W2 no-clip baseline,sample-1022.npz,5,0.03884464502334595
W2 no-clip baseline,sample-1022.npz,6,0.051761116832494736
W2 no-clip baseline,sample-1023.npz,0,0.06453068554401398
W2 no-clip baseline,sample-1023.npz,1,0.15922972559928894
W2 no-clip baseline,sample-1023.npz,2,0.3952611982822418
W2 no-clip baseline,sample-1023.npz,3,0.03720615431666374
W2 no-clip baseline,sample-1023.npz,4,0.2134922295808792
W2 no-clip baseline,sample-1023.npz,5,0.500127375125885
W2 no-clip baseline,sample-1023.npz,6,0.0932297557592392
W2 no-clip baseline,sample-1024.npz,0,0.10766113549470901
W2 no-clip baseline,sample-1024.npz,1,0.14394323527812958
W2 no-clip baseline,sample-1024.npz,2,0.16149863600730896
W2 no-clip baseline,sample-1024.npz,3,0.6896589398384094
W2 no-clip baseline,sample-1024.npz,4,0.2198820859193802
W2 no-clip baseline,sample-1024.npz,5,0.6645100712776184
W2 no-clip baseline,sample-1024.npz,6,0.066734679043293
W2 no-clip baseline,sample-1025.npz,0,0.33477163314819336
W2 no-clip baseline,sample-1025.npz,1,0.12365028262138367
W2 no-clip baseline,sample-1025.npz,2,0.20213103294372559
W2 no-clip baseline,sample-1025.npz,3,0.30263760685920715
W2 no-clip baseline,sample-1025.npz,4,0.29053637385368347
W2 no-clip baseline,sample-1025.npz,5,0.06616886705160141
W2 no-clip baseline,sample-1025.npz,6,0.3181556761264801
W2 no-clip baseline,sample-1026.npz,0,0.2684934139251709
W2 no-clip baseline,sample-1026.npz,1,0.20887841284275055
W2 no-clip baseline,sample-1026.npz,2,0.17461363971233368
W2 no-clip baseline,sample-1026.npz,3,0.0517432801425457
W2 no-clip baseline,sample-1026.npz,4,0.09329231083393097
W2 no-clip baseline,sample-1026.npz,5,0.8076406717300415
W2 no-clip baseline,sample-1026.npz,6,0.1430826336145401
W2 no-clip baseline,sample-1027.npz,0,0.1590781807899475
W2 no-clip baseline,sample-1027.npz,1,0.0498671792447567
W2 no-clip baseline,sample-1027.npz,2,0.1543596386909485
W2 no-clip baseline,sample-1027.npz,3,0.16940537095069885
W2 no-clip baseline,sample-1027.npz,4,0.2116595357656479
W2 no-clip baseline,sample-1027.npz,5,0.29298150539398193
W2 no-clip baseline,sample-1027.npz,6,0.7827123999595642
W2 no-clip baseline,sample-1028.npz,0,0.21349218487739563
W2 no-clip baseline,sample-1028.npz,1,0.1429726481437683
W2 no-clip baseline,sample-1028.npz,2,0.15759915113449097
W2 no-clip baseline,sample-1028.npz,3,0.26944294571876526
W2 no-clip baseline,sample-1028.npz,4,0.14971308410167694
W2 no-clip baseline,sample-1028.npz,5,0.04142628237605095
W2 no-clip baseline,sample-1028.npz,6,0.012808436527848244
W2 no-clip baseline,sample-1029.npz,0,0.12293976545333862
W2 no-clip baseline,sample-1029.npz,1,0.12275749444961548
W2 no-clip baseline,sample-1029.npz,2,0.13889016211032867
W2 no-clip baseline,sample-1029.npz,3,0.13287624716758728
W2 no-clip baseline,sample-1029.npz,4,0.23922517895698547
W2 no-clip baseline,sample-1029.npz,5,0.18858909606933594
W2 no-clip baseline,sample-1029.npz,6,0.05380849912762642
W2 no-clip baseline,sample-1030.npz,0,0.1986459493637085
W2 no-clip baseline,sample-1030.npz,1,0.3608315885066986
W2 no-clip baseline,sample-1030.npz,2,0.2663232684135437
W2 no-clip baseline,sample-1030.npz,3,0.34429222345352173
W2 no-clip baseline,sample-1030.npz,4,0.3493795096874237
W2 no-clip baseline,sample-1030.npz,5,0.10983686149120331
W2 no-clip baseline,sample-1030.npz,6,0.49118801951408386
W2 no-clip baseline,sample-1031.npz,0,0.09877631813287735
W2 no-clip baseline,sample-1031.npz,1,0.25014206767082214
W2 no-clip baseline,sample-1031.npz,2,0.1266917586326599
W2 no-clip baseline,sample-1031.npz,3,0.12921340763568878
W2 no-clip baseline,sample-1031.npz,4,0.17755155265331268
W2 no-clip baseline,sample-1031.npz,5,0.09915424883365631
W2 no-clip baseline,sample-1031.npz,6,0.0359412357211113
"W4 blocks 0,1,2,3,4,5,6,7",sample-1000.npz,0,0.12459979951381683
"W4 blocks 0,1,2,3,4,5,6,7",sample-1000.npz,1,0.0770641639828682
"W4 blocks 0,1,2,3,4,5,6,7",sample-1000.npz,2,0.2850366532802582
"W4 blocks 0,1,2,3,4,5,6,7",sample-1000.npz,3,0.32973411679267883
"W4 blocks 0,1,2,3,4,5,6,7",sample-1000.npz,4,0.17977973818778992
"W4 blocks 0,1,2,3,4,5,6,7",sample-1000.npz,5,0.25127607583999634
"W4 blocks 0,1,2,3,4,5,6,7",sample-1000.npz,6,0.0847642719745636
"W4 blocks 0,1,2,3,4,5,6,7",sample-1001.npz,0,0.15130889415740967
"W4 blocks 0,1,2,3,4,5,6,7",sample-1001.npz,1,0.5991228818893433
"W4 blocks 0,1,2,3,4,5,6,7",sample-1001.npz,2,0.24656018614768982
"W4 blocks 0,1,2,3,4,5,6,7",sample-1001.npz,3,0.18117868900299072
"W4 blocks 0,1,2,3,4,5,6,7",sample-1001.npz,4,0.14542855322360992
"W4 blocks 0,1,2,3,4,5,6,7",sample-1001.npz,5,0.0580793060362339
"W4 blocks 0,1,2,3,4,5,6,7",sample-1001.npz,6,0.07149611413478851
"W4 blocks 0,1,2,3,4,5,6,7",sample-1002.npz,0,0.16099338233470917
"W4 blocks 0,1,2,3,4,5,6,7",sample-1002.npz,1,0.26176947355270386
"W4 blocks 0,1,2,3,4,5,6,7",sample-1002.npz,2,0.28080493211746216
"W4 blocks 0,1,2,3,4,5,6,7",sample-1002.npz,3,0.10379783064126968
"W4 blocks 0,1,2,3,4,5,6,7",sample-1002.npz,4,0.4084067940711975
"W4 blocks 0,1,2,3,4,5,6,7",sample-1002.npz,5,0.24043981730937958
"W4 blocks 0,1,2,3,4,5,6,7",sample-1002.npz,6,0.22577746212482452
"W4 blocks 0,1,2,3,4,5,6,7",sample-1003.npz,0,0.27885717153549194
"W4 blocks 0,1,2,3,4,5,6,7",sample-1003.npz,1,0.11524950712919235
"W4 blocks 0,1,2,3,4,5,6,7",sample-1003.npz,2,0.06578581780195236
"W4 blocks 0,1,2,3,4,5,6,7",sample-1003.npz,3,0.35757747292518616
"W4 blocks 0,1,2,3,4,5,6,7",sample-1003.npz,4,0.45433977246284485
"W4 blocks 0,1,2,3,4,5,6,7",sample-1003.npz,5,0.4109500050544739
"W4 blocks 0,1,2,3,4,5,6,7",sample-1003.npz,6,0.09425725042819977
"W4 blocks 0,1,2,3,4,5,6,7",sample-1004.npz,0,0.23403887450695038
"W4 blocks 0,1,2,3,4,5,6,7",sample-1004.npz,1,0.42433634400367737
"W4 blocks 0,1,2,3,4,5,6,7",sample-1004.npz,2,0.2948964238166809
"W4 blocks 0,1,2,3,4,5,6,7",sample-1004.npz,3,0.16658049821853638
"W4 blocks 0,1,2,3,4,5,6,7",sample-1004.npz,4,0.14438652992248535
"W4 blocks 0,1,2,3,4,5,6,7",sample-1004.npz,5,0.048378437757492065
"W4 blocks 0,1,2,3,4,5,6,7",sample-1004.npz,6,0.0152671430259943
"W4 blocks 0,1,2,3,4,5,6,7",sample-1005.npz,0,0.13349972665309906
"W4 blocks 0,1,2,3,4,5,6,7",sample-1005.npz,1,0.0657067745923996
"W4 blocks 0,1,2,3,4,5,6,7",sample-1005.npz,2,0.10151553899049759
"W4 blocks 0,1,2,3,4,5,6,7",sample-1005.npz,3,0.09556601196527481
"W4 blocks 0,1,2,3,4,5,6,7",sample-1005.npz,4,0.20249490439891815
"W4 blocks 0,1,2,3,4,5,6,7",sample-1005.npz,5,0.25773942470550537
"W4 blocks 0,1,2,3,4,5,6,7",sample-1005.npz,6,0.008112521842122078
"W4 blocks 0,1,2,3,4,5,6,7",sample-1006.npz,0,0.1693667471408844
"W4 blocks 0,1,2,3,4,5,6,7",sample-1006.npz,1,0.05925487354397774
"W4 blocks 0,1,2,3,4,5,6,7",sample-1006.npz,2,0.2627660930156708
"W4 blocks 0,1,2,3,4,5,6,7",sample-1006.npz,3,0.048844512552022934
"W4 blocks 0,1,2,3,4,5,6,7",sample-1006.npz,4,0.2598100006580353
"W4 blocks 0,1,2,3,4,5,6,7",sample-1006.npz,5,0.2747746407985687
"W4 blocks 0,1,2,3,4,5,6,7",sample-1006.npz,6,0.058707572519779205
"W4 blocks 0,1,2,3,4,5,6,7",sample-1007.npz,0,0.13870121538639069
"W4 blocks 0,1,2,3,4,5,6,7",sample-1007.npz,1,0.19201314449310303
"W4 blocks 0,1,2,3,4,5,6,7",sample-1007.npz,2,0.2274998277425766
"W4 blocks 0,1,2,3,4,5,6,7",sample-1007.npz,3,0.0646701231598854
"W4 blocks 0,1,2,3,4,5,6,7",sample-1007.npz,4,0.05869816616177559
"W4 blocks 0,1,2,3,4,5,6,7",sample-1007.npz,5,0.05056172236800194
"W4 blocks 0,1,2,3,4,5,6,7",sample-1007.npz,6,0.010787070728838444
"W4 blocks 0,1,2,3,4,5,6,7",sample-1008.npz,0,0.10703019797801971
"W4 blocks 0,1,2,3,4,5,6,7",sample-1008.npz,1,0.16855886578559875
"W4 blocks 0,1,2,3,4,5,6,7",sample-1008.npz,2,0.1940511167049408
"W4 blocks 0,1,2,3,4,5,6,7",sample-1008.npz,3,0.28929951786994934
"W4 blocks 0,1,2,3,4,5,6,7",sample-1008.npz,4,0.39726293087005615
"W4 blocks 0,1,2,3,4,5,6,7",sample-1008.npz,5,0.14747358858585358
"W4 blocks 0,1,2,3,4,5,6,7",sample-1008.npz,6,0.012651021592319012
"W4 blocks 0,1,2,3,4,5,6,7",sample-1009.npz,0,0.1212800145149231
"W4 blocks 0,1,2,3,4,5,6,7",sample-1009.npz,1,0.14350485801696777
"W4 blocks 0,1,2,3,4,5,6,7",sample-1009.npz,2,0.043089184910058975
"W4 blocks 0,1,2,3,4,5,6,7",sample-1009.npz,3,0.04609140008687973
"W4 blocks 0,1,2,3,4,5,6,7",sample-1009.npz,4,0.048098742961883545
"W4 blocks 0,1,2,3,4,5,6,7",sample-1009.npz,5,0.0667288675904274
"W4 blocks 0,1,2,3,4,5,6,7",sample-1009.npz,6,0.004579212982207537
"W4 blocks 0,1,2,3,4,5,6,7",sample-1010.npz,0,0.1827128827571869
"W4 blocks 0,1,2,3,4,5,6,7",sample-1010.npz,1,0.1476723849773407
"W4 blocks 0,1,2,3,4,5,6,7",sample-1010.npz,2,0.21589438617229462
"W4 blocks 0,1,2,3,4,5,6,7",sample-1010.npz,3,0.3634180724620819
"W4 blocks 0,1,2,3,4,5,6,7",sample-1010.npz,4,0.23660345375537872
"W4 blocks 0,1,2,3,4,5,6,7",sample-1010.npz,5,0.051862288266420364
"W4 blocks 0,1,2,3,4,5,6,7",sample-1010.npz,6,0.2868663966655731
"W4 blocks 0,1,2,3,4,5,6,7",sample-1011.npz,0,0.370448499917984
"W4 blocks 0,1,2,3,4,5,6,7",sample-1011.npz,1,0.20329686999320984
"W4 blocks 0,1,2,3,4,5,6,7",sample-1011.npz,2,0.4034278988838196
"W4 blocks 0,1,2,3,4,5,6,7",sample-1011.npz,3,0.14285072684288025
"W4 blocks 0,1,2,3,4,5,6,7",sample-1011.npz,4,0.17578932642936707
"W4 blocks 0,1,2,3,4,5,6,7",sample-1011.npz,5,0.126911923289299
"W4 blocks 0,1,2,3,4,5,6,7",sample-1011.npz,6,0.008045819588005543
"W4 blocks 0,1,2,3,4,5,6,7",sample-1012.npz,0,0.26328566670417786
"W4 blocks 0,1,2,3,4,5,6,7",sample-1012.npz,1,0.20574407279491425
"W4 blocks 0,1,2,3,4,5,6,7",sample-1012.npz,2,0.11950164288282394
"W4 blocks 0,1,2,3,4,5,6,7",sample-1012.npz,3,0.5434116125106812
"W4 blocks 0,1,2,3,4,5,6,7",sample-1012.npz,4,0.09578848630189896
"W4 blocks 0,1,2,3,4,5,6,7",sample-1012.npz,5,0.2784080505371094
"W4 blocks 0,1,2,3,4,5,6,7",sample-1012.npz,6,0.4622079133987427
"W4 blocks 0,1,2,3,4,5,6,7",sample-1013.npz,0,0.23925787210464478
"W4 blocks 0,1,2,3,4,5,6,7",sample-1013.npz,1,0.14640216529369354
"W4 blocks 0,1,2,3,4,5,6,7",sample-1013.npz,2,0.25595998764038086
"W4 blocks 0,1,2,3,4,5,6,7",sample-1013.npz,3,0.2139788120985031
"W4 blocks 0,1,2,3,4,5,6,7",sample-1013.npz,4,0.40692487359046936
"W4 blocks 0,1,2,3,4,5,6,7",sample-1013.npz,5,0.04668930172920227
"W4 blocks 0,1,2,3,4,5,6,7",sample-1013.npz,6,0.05147142335772514
"W4 blocks 0,1,2,3,4,5,6,7",sample-1014.npz,0,0.15418674051761627
"W4 blocks 0,1,2,3,4,5,6,7",sample-1014.npz,1,0.153325155377388
"W4 blocks 0,1,2,3,4,5,6,7",sample-1014.npz,2,0.08651687204837799
"W4 blocks 0,1,2,3,4,5,6,7",sample-1014.npz,3,0.682185173034668
"W4 blocks 0,1,2,3,4,5,6,7",sample-1014.npz,4,0.18544356524944305
"W4 blocks 0,1,2,3,4,5,6,7",sample-1014.npz,5,0.12657690048217773
"W4 blocks 0,1,2,3,4,5,6,7",sample-1014.npz,6,0.032444778829813004
"W4 blocks 0,1,2,3,4,5,6,7",sample-1015.npz,0,0.08318552374839783
"W4 blocks 0,1,2,3,4,5,6,7",sample-1015.npz,1,0.2459842413663864
"W4 blocks 0,1,2,3,4,5,6,7",sample-1015.npz,2,0.14296181499958038
"W4 blocks 0,1,2,3,4,5,6,7",sample-1015.npz,3,0.1477418690919876
"W4 blocks 0,1,2,3,4,5,6,7",sample-1015.npz,4,0.07615133374929428
"W4 blocks 0,1,2,3,4,5,6,7",sample-1015.npz,5,0.03946087881922722
"W4 blocks 0,1,2,3,4,5,6,7",sample-1015.npz,6,0.020033948123455048
"W4 blocks 0,1,2,3,4,5,6,7",sample-1016.npz,0,0.19351960718631744
"W4 blocks 0,1,2,3,4,5,6,7",sample-1016.npz,1,0.14914844930171967
"W4 blocks 0,1,2,3,4,5,6,7",sample-1016.npz,2,0.12863337993621826
"W4 blocks 0,1,2,3,4,5,6,7",sample-1016.npz,3,0.08262429386377335
"W4 blocks 0,1,2,3,4,5,6,7",sample-1016.npz,4,0.15927468240261078
"W4 blocks 0,1,2,3,4,5,6,7",sample-1016.npz,5,0.22565515339374542
"W4 blocks 0,1,2,3,4,5,6,7",sample-1016.npz,6,0.007970718666911125
"W4 blocks 0,1,2,3,4,5,6,7",sample-1017.npz,0,0.08763543516397476
"W4 blocks 0,1,2,3,4,5,6,7",sample-1017.npz,1,0.24534869194030762
"W4 blocks 0,1,2,3,4,5,6,7",sample-1017.npz,2,0.13216331601142883
"W4 blocks 0,1,2,3,4,5,6,7",sample-1017.npz,3,0.2064792364835739
"W4 blocks 0,1,2,3,4,5,6,7",sample-1017.npz,4,0.08824577927589417
"W4 blocks 0,1,2,3,4,5,6,7",sample-1017.npz,5,0.31341251730918884
"W4 blocks 0,1,2,3,4,5,6,7",sample-1017.npz,6,0.039287567138671875
"W4 blocks 0,1,2,3,4,5,6,7",sample-1018.npz,0,0.07957891374826431
"W4 blocks 0,1,2,3,4,5,6,7",sample-1018.npz,1,0.18675848841667175
"W4 blocks 0,1,2,3,4,5,6,7",sample-1018.npz,2,0.43594902753829956
"W4 blocks 0,1,2,3,4,5,6,7",sample-1018.npz,3,0.16551712155342102
"W4 blocks 0,1,2,3,4,5,6,7",sample-1018.npz,4,0.16929969191551208
"W4 blocks 0,1,2,3,4,5,6,7",sample-1018.npz,5,0.19553789496421814
"W4 blocks 0,1,2,3,4,5,6,7",sample-1018.npz,6,0.0911124050617218
"W4 blocks 0,1,2,3,4,5,6,7",sample-1019.npz,0,0.18783578276634216
"W4 blocks 0,1,2,3,4,5,6,7",sample-1019.npz,1,0.20849046111106873
"W4 blocks 0,1,2,3,4,5,6,7",sample-1019.npz,2,0.13919013738632202
"W4 blocks 0,1,2,3,4,5,6,7",sample-1019.npz,3,0.6480595469474792
"W4 blocks 0,1,2,3,4,5,6,7",sample-1019.npz,4,0.6281978487968445
"W4 blocks 0,1,2,3,4,5,6,7",sample-1019.npz,5,0.10458557307720184
"W4 blocks 0,1,2,3,4,5,6,7",sample-1019.npz,6,0.046402957290410995
"W4 blocks 0,1,2,3,4,5,6,7",sample-1020.npz,0,0.1535169929265976
"W4 blocks 0,1,2,3,4,5,6,7",sample-1020.npz,1,0.3163818120956421
"W4 blocks 0,1,2,3,4,5,6,7",sample-1020.npz,2,0.2500216066837311
"W4 blocks 0,1,2,3,4,5,6,7",sample-1020.npz,3,0.06998972594738007
"W4 blocks 0,1,2,3,4,5,6,7",sample-1020.npz,4,0.06082379072904587
"W4 blocks 0,1,2,3,4,5,6,7",sample-1020.npz,5,0.19907569885253906
"W4 blocks 0,1,2,3,4,5,6,7",sample-1020.npz,6,0.026070376858115196
"W4 blocks 0,1,2,3,4,5,6,7",sample-1021.npz,0,0.34705498814582825
"W4 blocks 0,1,2,3,4,5,6,7",sample-1021.npz,1,0.056829728186130524
"W4 blocks 0,1,2,3,4,5,6,7",sample-1021.npz,2,0.10430614650249481
"W4 blocks 0,1,2,3,4,5,6,7",sample-1021.npz,3,0.09854648262262344
"W4 blocks 0,1,2,3,4,5,6,7",sample-1021.npz,4,0.05779645964503288
"W4 blocks 0,1,2,3,4,5,6,7",sample-1021.npz,5,0.02416437305510044
"W4 blocks 0,1,2,3,4,5,6,7",sample-1021.npz,6,0.05936985835433006
"W4 blocks 0,1,2,3,4,5,6,7",sample-1022.npz,0,0.07867097854614258
"W4 blocks 0,1,2,3,4,5,6,7",sample-1022.npz,1,0.2428363561630249
"W4 blocks 0,1,2,3,4,5,6,7",sample-1022.npz,2,0.24159540235996246
"W4 blocks 0,1,2,3,4,5,6,7",sample-1022.npz,3,0.11216924339532852
"W4 blocks 0,1,2,3,4,5,6,7",sample-1022.npz,4,0.2804569900035858
"W4 blocks 0,1,2,3,4,5,6,7",sample-1022.npz,5,0.06315509229898453
"W4 blocks 0,1,2,3,4,5,6,7",sample-1022.npz,6,0.026121284812688828
"W4 blocks 0,1,2,3,4,5,6,7",sample-1023.npz,0,0.09848462790250778
"W4 blocks 0,1,2,3,4,5,6,7",sample-1023.npz,1,0.11375629901885986
"W4 blocks 0,1,2,3,4,5,6,7",sample-1023.npz,2,0.2825187146663666
"W4 blocks 0,1,2,3,4,5,6,7",sample-1023.npz,3,0.09226332604885101
"W4 blocks 0,1,2,3,4,5,6,7",sample-1023.npz,4,0.1512441635131836
"W4 blocks 0,1,2,3,4,5,6,7",sample-1023.npz,5,0.4288700819015503
"W4 blocks 0,1,2,3,4,5,6,7",sample-1023.npz,6,0.04667110741138458
"W4 blocks 0,1,2,3,4,5,6,7",sample-1024.npz,0,0.12411114573478699
"W4 blocks 0,1,2,3,4,5,6,7",sample-1024.npz,1,0.08990061283111572
"W4 blocks 0,1,2,3,4,5,6,7",sample-1024.npz,2,0.12513518333435059
"W4 blocks 0,1,2,3,4,5,6,7",sample-1024.npz,3,0.5760807991027832
"W4 blocks 0,1,2,3,4,5,6,7",sample-1024.npz,4,0.182765394449234
"W4 blocks 0,1,2,3,4,5,6,7",sample-1024.npz,5,0.5827599167823792
"W4 blocks 0,1,2,3,4,5,6,7",sample-1024.npz,6,0.05912616848945618
"W4 blocks 0,1,2,3,4,5,6,7",sample-1025.npz,0,0.3200117349624634
"W4 blocks 0,1,2,3,4,5,6,7",sample-1025.npz,1,0.12014726549386978
"W4 blocks 0,1,2,3,4,5,6,7",sample-1025.npz,2,0.219517320394516
"W4 blocks 0,1,2,3,4,5,6,7",sample-1025.npz,3,0.25673985481262207
"W4 blocks 0,1,2,3,4,5,6,7",sample-1025.npz,4,0.31182417273521423
"W4 blocks 0,1,2,3,4,5,6,7",sample-1025.npz,5,0.04968006908893585
"W4 blocks 0,1,2,3,4,5,6,7",sample-1025.npz,6,0.09237142652273178
"W4 blocks 0,1,2,3,4,5,6,7",sample-1026.npz,0,0.2378452569246292
"W4 blocks 0,1,2,3,4,5,6,7",sample-1026.npz,1,0.2147548943758011
"W4 blocks 0,1,2,3,4,5,6,7",sample-1026.npz,2,0.10917209088802338
"W4 blocks 0,1,2,3,4,5,6,7",sample-1026.npz,3,0.0554974339902401
"W4 blocks 0,1,2,3,4,5,6,7",sample-1026.npz,4,0.09193547070026398
"W4 blocks 0,1,2,3,4,5,6,7",sample-1026.npz,5,0.5672634840011597
"W4 blocks 0,1,2,3,4,5,6,7",sample-1026.npz,6,0.0356619618833065
"W4 blocks 0,1,2,3,4,5,6,7",sample-1027.npz,0,0.20026437938213348
"W4 blocks 0,1,2,3,4,5,6,7",sample-1027.npz,1,0.03305063396692276
"W4 blocks 0,1,2,3,4,5,6,7",sample-1027.npz,2,0.17106039822101593
"W4 blocks 0,1,2,3,4,5,6,7",sample-1027.npz,3,0.156452015042305
"W4 blocks 0,1,2,3,4,5,6,7",sample-1027.npz,4,0.22028419375419617
"W4 blocks 0,1,2,3,4,5,6,7",sample-1027.npz,5,0.26049578189849854
"W4 blocks 0,1,2,3,4,5,6,7",sample-1027.npz,6,0.7598889470100403
"W4 blocks 0,1,2,3,4,5,6,7",sample-1028.npz,0,0.24218887090682983
"W4 blocks 0,1,2,3,4,5,6,7",sample-1028.npz,1,0.10923432558774948
"W4 blocks 0,1,2,3,4,5,6,7",sample-1028.npz,2,0.10912184417247772
"W4 blocks 0,1,2,3,4,5,6,7",sample-1028.npz,3,0.2620890140533447
"W4 blocks 0,1,2,3,4,5,6,7",sample-1028.npz,4,0.16036464273929596
"W4 blocks 0,1,2,3,4,5,6,7",sample-1028.npz,5,0.030009938403964043
"W4 blocks 0,1,2,3,4,5,6,7",sample-1028.npz,6,0.025202473625540733
"W4 blocks 0,1,2,3,4,5,6,7",sample-1029.npz,0,0.11413739621639252
"W4 blocks 0,1,2,3,4,5,6,7",sample-1029.npz,1,0.10037434846162796
"W4 blocks 0,1,2,3,4,5,6,7",sample-1029.npz,2,0.1726132333278656
"W4 blocks 0,1,2,3,4,5,6,7",sample-1029.npz,3,0.11864186823368073
"W4 blocks 0,1,2,3,4,5,6,7",sample-1029.npz,4,0.2578027844429016
"W4 blocks 0,1,2,3,4,5,6,7",sample-1029.npz,5,0.17549818754196167
"W4 blocks 0,1,2,3,4,5,6,7",sample-1029.npz,6,0.01326820906251669
"W4 blocks 0,1,2,3,4,5,6,7",sample-1030.npz,0,0.14160902798175812
"W4 blocks 0,1,2,3,4,5,6,7",sample-1030.npz,1,0.22908353805541992
"W4 blocks 0,1,2,3,4,5,6,7",sample-1030.npz,2,0.2765335142612457
"W4 blocks 0,1,2,3,4,5,6,7",sample-1030.npz,3,0.33734217286109924
"W4 blocks 0,1,2,3,4,5,6,7",sample-1030.npz,4,0.32820987701416016
"W4 blocks 0,1,2,3,4,5,6,7",sample-1030.npz,5,0.08043605834245682
"W4 blocks 0,1,2,3,4,5,6,7",sample-1030.npz,6,0.10922667384147644
"W4 blocks 0,1,2,3,4,5,6,7",sample-1031.npz,0,0.11590272933244705
"W4 blocks 0,1,2,3,4,5,6,7",sample-1031.npz,1,0.17147642374038696
"W4 blocks 0,1,2,3,4,5,6,7",sample-1031.npz,2,0.14911888539791107
"W4 blocks 0,1,2,3,4,5,6,7",sample-1031.npz,3,0.16046839952468872
"W4 blocks 0,1,2,3,4,5,6,7",sample-1031.npz,4,0.14887526631355286
"W4 blocks 0,1,2,3,4,5,6,7",sample-1031.npz,5,0.07116645574569702
"W4 blocks 0,1,2,3,4,5,6,7",sample-1031.npz,6,0.027069643139839172
"W4 blocks 8,9,10,11,12,13,14,15",sample-1000.npz,0,0.07780137658119202
"W4 blocks 8,9,10,11,12,13,14,15",sample-1000.npz,1,0.08297456055879593
"W4 blocks 8,9,10,11,12,13,14,15",sample-1000.npz,2,0.19696082174777985
"W4 blocks 8,9,10,11,12,13,14,15",sample-1000.npz,3,0.24254317581653595
"W4 blocks 8,9,10,11,12,13,14,15",sample-1000.npz,4,0.1394551694393158
"W4 blocks 8,9,10,11,12,13,14,15",sample-1000.npz,5,0.2508407235145569
"W4 blocks 8,9,10,11,12,13,14,15",sample-1000.npz,6,0.03940281271934509
"W4 blocks 8,9,10,11,12,13,14,15",sample-1001.npz,0,0.08391621708869934
"W4 blocks 8,9,10,11,12,13,14,15",sample-1001.npz,1,0.4336630403995514
"W4 blocks 8,9,10,11,12,13,14,15",sample-1001.npz,2,0.15999679267406464
"W4 blocks 8,9,10,11,12,13,14,15",sample-1001.npz,3,0.20000749826431274
"W4 blocks 8,9,10,11,12,13,14,15",sample-1001.npz,4,0.17328786849975586
"W4 blocks 8,9,10,11,12,13,14,15",sample-1001.npz,5,0.035312727093696594
"W4 blocks 8,9,10,11,12,13,14,15",sample-1001.npz,6,0.03054003044962883
"W4 blocks 8,9,10,11,12,13,14,15",sample-1002.npz,0,0.09058785438537598
"W4 blocks 8,9,10,11,12,13,14,15",sample-1002.npz,1,0.22464236617088318
"W4 blocks 8,9,10,11,12,13,14,15",sample-1002.npz,2,0.24367259442806244
"W4 blocks 8,9,10,11,12,13,14,15",sample-1002.npz,3,0.05773773044347763
"W4 blocks 8,9,10,11,12,13,14,15",sample-1002.npz,4,0.36864301562309265
"W4 blocks 8,9,10,11,12,13,14,15",sample-1002.npz,5,0.16384883224964142
"W4 blocks 8,9,10,11,12,13,14,15",sample-1002.npz,6,0.1793663650751114
"W4 blocks 8,9,10,11,12,13,14,15",sample-1003.npz,0,0.272170752286911
"W4 blocks 8,9,10,11,12,13,14,15",sample-1003.npz,1,0.07520006597042084
"W4 blocks 8,9,10,11,12,13,14,15",sample-1003.npz,2,0.05498315766453743
"W4 blocks 8,9,10,11,12,13,14,15",sample-1003.npz,3,0.26290827989578247
"W4 blocks 8,9,10,11,12,13,14,15",sample-1003.npz,4,0.2481910139322281
"W4 blocks 8,9,10,11,12,13,14,15",sample-1003.npz,5,0.3449648320674896
"W4 blocks 8,9,10,11,12,13,14,15",sample-1003.npz,6,0.07506202906370163
"W4 blocks 8,9,10,11,12,13,14,15",sample-1004.npz,0,0.11549283564090729
"W4 blocks 8,9,10,11,12,13,14,15",sample-1004.npz,1,0.24812087416648865
"W4 blocks 8,9,10,11,12,13,14,15",sample-1004.npz,2,0.14899608492851257
"W4 blocks 8,9,10,11,12,13,14,15",sample-1004.npz,3,0.18153493106365204
"W4 blocks 8,9,10,11,12,13,14,15",sample-1004.npz,4,0.20715250074863434
"W4 blocks 8,9,10,11,12,13,14,15",sample-1004.npz,5,0.04769560694694519
"W4 blocks 8,9,10,11,12,13,14,15",sample-1004.npz,6,0.023785075172781944
"W4 blocks 8,9,10,11,12,13,14,15",sample-1005.npz,0,0.0620693638920784
"W4 blocks 8,9,10,11,12,13,14,15",sample-1005.npz,1,0.08740806579589844
"W4 blocks 8,9,10,11,12,13,14,15",sample-1005.npz,2,0.049255937337875366
"W4 blocks 8,9,10,11,12,13,14,15",sample-1005.npz,3,0.08352624624967575
"W4 blocks 8,9,10,11,12,13,14,15",sample-1005.npz,4,0.08534351736307144
"W4 blocks 8,9,10,11,12,13,14,15",sample-1005.npz,5,0.22895236313343048
"W4 blocks 8,9,10,11,12,13,14,15",sample-1005.npz,6,0.008166207931935787
"W4 blocks 8,9,10,11,12,13,14,15",sample-1006.npz,0,0.22571101784706116
"W4 blocks 8,9,10,11,12,13,14,15",sample-1006.npz,1,0.045060668140649796
"W4 blocks 8,9,10,11,12,13,14,15",sample-1006.npz,2,0.1315426379442215
"W4 blocks 8,9,10,11,12,13,14,15",sample-1006.npz,3,0.02517317235469818
"W4 blocks 8,9,10,11,12,13,14,15",sample-1006.npz,4,0.17301630973815918
"W4 blocks 8,9,10,11,12,13,14,15",sample-1006.npz,5,0.2126452922821045
"W4 blocks 8,9,10,11,12,13,14,15",sample-1006.npz,6,0.04705774784088135
"W4 blocks 8,9,10,11,12,13,14,15",sample-1007.npz,0,0.1427667737007141
"W4 blocks 8,9,10,11,12,13,14,15",sample-1007.npz,1,0.16842801868915558
"W4 blocks 8,9,10,11,12,13,14,15",sample-1007.npz,2,0.20757955312728882
"W4 blocks 8,9,10,11,12,13,14,15",sample-1007.npz,3,0.03368191048502922
"W4 blocks 8,9,10,11,12,13,14,15",sample-1007.npz,4,0.016475196927785873
"W4 blocks 8,9,10,11,12,13,14,15",sample-1007.npz,5,0.061191625893116
"W4 blocks 8,9,10,11,12,13,14,15",sample-1007.npz,6,0.03486281633377075
"W4 blocks 8,9,10,11,12,13,14,15",sample-1008.npz,0,0.09126763045787811
"W4 blocks 8,9,10,11,12,13,14,15",sample-1008.npz,1,0.08967198431491852
"W4 blocks 8,9,10,11,12,13,14,15",sample-1008.npz,2,0.04643175005912781
"W4 blocks 8,9,10,11,12,13,14,15",sample-1008.npz,3,0.18130184710025787
"W4 blocks 8,9,10,11,12,13,14,15",sample-1008.npz,4,0.2208823710680008
"W4 blocks 8,9,10,11,12,13,14,15",sample-1008.npz,5,0.07146546989679337
"W4 blocks 8,9,10,11,12,13,14,15",sample-1008.npz,6,0.006107369437813759
"W4 blocks 8,9,10,11,12,13,14,15",sample-1009.npz,0,0.06945264339447021
"W4 blocks 8,9,10,11,12,13,14,15",sample-1009.npz,1,0.08847462385892868
"W4 blocks 8,9,10,11,12,13,14,15",sample-1009.npz,2,0.04965020716190338
"W4 blocks 8,9,10,11,12,13,14,15",sample-1009.npz,3,0.0389319472014904
"W4 blocks 8,9,10,11,12,13,14,15",sample-1009.npz,4,0.028722861781716347
"W4 blocks 8,9,10,11,12,13,14,15",sample-1009.npz,5,0.04681655019521713
"W4 blocks 8,9,10,11,12,13,14,15",sample-1009.npz,6,0.012579767033457756
"W4 blocks 8,9,10,11,12,13,14,15",sample-1010.npz,0,0.22347471117973328
"W4 blocks 8,9,10,11,12,13,14,15",sample-1010.npz,1,0.1469348967075348
"W4 blocks 8,9,10,11,12,13,14,15",sample-1010.npz,2,0.23420268297195435
"W4 blocks 8,9,10,11,12,13,14,15",sample-1010.npz,3,0.3556559085845947
"W4 blocks 8,9,10,11,12,13,14,15",sample-1010.npz,4,0.17488034069538116
"W4 blocks 8,9,10,11,12,13,14,15",sample-1010.npz,5,0.11012322455644608
"W4 blocks 8,9,10,11,12,13,14,15",sample-1010.npz,6,0.3281676173210144
"W4 blocks 8,9,10,11,12,13,14,15",sample-1011.npz,0,0.28635507822036743
"W4 blocks 8,9,10,11,12,13,14,15",sample-1011.npz,1,0.1506544053554535
"W4 blocks 8,9,10,11,12,13,14,15",sample-1011.npz,2,0.2276972234249115
"W4 blocks 8,9,10,11,12,13,14,15",sample-1011.npz,3,0.0849500522017479
"W4 blocks 8,9,10,11,12,13,14,15",sample-1011.npz,4,0.07740283012390137
"W4 blocks 8,9,10,11,12,13,14,15",sample-1011.npz,5,0.1272599846124649
"W4 blocks 8,9,10,11,12,13,14,15",sample-1011.npz,6,0.005987599492073059
"W4 blocks 8,9,10,11,12,13,14,15",sample-1012.npz,0,0.21100452542304993
"W4 blocks 8,9,10,11,12,13,14,15",sample-1012.npz,1,0.16033107042312622
"W4 blocks 8,9,10,11,12,13,14,15",sample-1012.npz,2,0.0966464951634407
"W4 blocks 8,9,10,11,12,13,14,15",sample-1012.npz,3,0.4205799698829651
"W4 blocks 8,9,10,11,12,13,14,15",sample-1012.npz,4,0.09605056792497635
"W4 blocks 8,9,10,11,12,13,14,15",sample-1012.npz,5,0.25659874081611633
"W4 blocks 8,9,10,11,12,13,14,15",sample-1012.npz,6,0.025094756856560707
"W4 blocks 8,9,10,11,12,13,14,15",sample-1013.npz,0,0.1393994837999344
"W4 blocks 8,9,10,11,12,13,14,15",sample-1013.npz,1,0.06742879748344421
"W4 blocks 8,9,10,11,12,13,14,15",sample-1013.npz,2,0.10261809080839157
"W4 blocks 8,9,10,11,12,13,14,15",sample-1013.npz,3,0.13896924257278442
"W4 blocks 8,9,10,11,12,13,14,15",sample-1013.npz,4,0.21076449751853943
"W4 blocks 8,9,10,11,12,13,14,15",sample-1013.npz,5,0.05048961564898491
"W4 blocks 8,9,10,11,12,13,14,15",sample-1013.npz,6,0.019677188247442245
"W4 blocks 8,9,10,11,12,13,14,15",sample-1014.npz,0,0.15087692439556122
"W4 blocks 8,9,10,11,12,13,14,15",sample-1014.npz,1,0.09790864586830139
"W4 blocks 8,9,10,11,12,13,14,15",sample-1014.npz,2,0.11782307177782059
"W4 blocks 8,9,10,11,12,13,14,15",sample-1014.npz,3,0.5886533856391907
"W4 blocks 8,9,10,11,12,13,14,15",sample-1014.npz,4,0.1066112071275711
"W4 blocks 8,9,10,11,12,13,14,15",sample-1014.npz,5,0.0790482833981514
"W4 blocks 8,9,10,11,12,13,14,15",sample-1014.npz,6,0.03744249418377876
"W4 blocks 8,9,10,11,12,13,14,15",sample-1015.npz,0,0.11405796557664871
"W4 blocks 8,9,10,11,12,13,14,15",sample-1015.npz,1,0.2683804929256439
"W4 blocks 8,9,10,11,12,13,14,15",sample-1015.npz,2,0.1904405653476715
"W4 blocks 8,9,10,11,12,13,14,15",sample-1015.npz,3,0.16146908700466156
"W4 blocks 8,9,10,11,12,13,14,15",sample-1015.npz,4,0.06348367035388947
"W4 blocks 8,9,10,11,12,13,14,15",sample-1015.npz,5,0.028071904554963112
"W4 blocks 8,9,10,11,12,13,14,15",sample-1015.npz,6,0.010410446673631668
"W4 blocks 8,9,10,11,12,13,14,15",sample-1016.npz,0,0.09917760640382767
"W4 blocks 8,9,10,11,12,13,14,15",sample-1016.npz,1,0.0937088206410408
"W4 blocks 8,9,10,11,12,13,14,15",sample-1016.npz,2,0.14223158359527588
"W4 blocks 8,9,10,11,12,13,14,15",sample-1016.npz,3,0.06113337725400925
"W4 blocks 8,9,10,11,12,13,14,15",sample-1016.npz,4,0.14083679020404816
"W4 blocks 8,9,10,11,12,13,14,15",sample-1016.npz,5,0.1386585533618927
"W4 blocks 8,9,10,11,12,13,14,15",sample-1016.npz,6,0.009250911884009838
"W4 blocks 8,9,10,11,12,13,14,15",sample-1017.npz,0,0.04767404496669769
"W4 blocks 8,9,10,11,12,13,14,15",sample-1017.npz,1,0.1388557404279709
"W4 blocks 8,9,10,11,12,13,14,15",sample-1017.npz,2,0.0883505791425705
"W4 blocks 8,9,10,11,12,13,14,15",sample-1017.npz,3,0.13561385869979858
"W4 blocks 8,9,10,11,12,13,14,15",sample-1017.npz,4,0.057454802095890045
"W4 blocks 8,9,10,11,12,13,14,15",sample-1017.npz,5,0.3655562698841095
"W4 blocks 8,9,10,11,12,13,14,15",sample-1017.npz,6,0.02128511294722557
"W4 blocks 8,9,10,11,12,13,14,15",sample-1018.npz,0,0.08234076201915741
"W4 blocks 8,9,10,11,12,13,14,15",sample-1018.npz,1,0.10861870646476746
"W4 blocks 8,9,10,11,12,13,14,15",sample-1018.npz,2,0.36635738611221313
"W4 blocks 8,9,10,11,12,13,14,15",sample-1018.npz,3,0.14037688076496124
"W4 blocks 8,9,10,11,12,13,14,15",sample-1018.npz,4,0.1742064356803894
"W4 blocks 8,9,10,11,12,13,14,15",sample-1018.npz,5,0.17836298048496246
"W4 blocks 8,9,10,11,12,13,14,15",sample-1018.npz,6,0.07625593990087509
"W4 blocks 8,9,10,11,12,13,14,15",sample-1019.npz,0,0.13776721060276031
"W4 blocks 8,9,10,11,12,13,14,15",sample-1019.npz,1,0.07508981227874756
"W4 blocks 8,9,10,11,12,13,14,15",sample-1019.npz,2,0.09593701362609863
"W4 blocks 8,9,10,11,12,13,14,15",sample-1019.npz,3,0.35324034094810486
"W4 blocks 8,9,10,11,12,13,14,15",sample-1019.npz,4,0.5896767377853394
"W4 blocks 8,9,10,11,12,13,14,15",sample-1019.npz,5,0.09905793517827988
"W4 blocks 8,9,10,11,12,13,14,15",sample-1019.npz,6,0.012955511920154095
"W4 blocks 8,9,10,11,12,13,14,15",sample-1020.npz,0,0.07705722004175186
"W4 blocks 8,9,10,11,12,13,14,15",sample-1020.npz,1,0.18816456198692322
"W4 blocks 8,9,10,11,12,13,14,15",sample-1020.npz,2,0.10573141276836395
"W4 blocks 8,9,10,11,12,13,14,15",sample-1020.npz,3,0.0319773331284523
"W4 blocks 8,9,10,11,12,13,14,15",sample-1020.npz,4,0.044582661241292953
"W4 blocks 8,9,10,11,12,13,14,15",sample-1020.npz,5,0.10441743582487106
"W4 blocks 8,9,10,11,12,13,14,15",sample-1020.npz,6,0.025185223668813705
"W4 blocks 8,9,10,11,12,13,14,15",sample-1021.npz,0,0.22747409343719482
"W4 blocks 8,9,10,11,12,13,14,15",sample-1021.npz,1,0.06828609108924866
"W4 blocks 8,9,10,11,12,13,14,15",sample-1021.npz,2,0.06675752252340317
"W4 blocks 8,9,10,11,12,13,14,15",sample-1021.npz,3,0.02031746506690979
"W4 blocks 8,9,10,11,12,13,14,15",sample-1021.npz,4,0.060031548142433167
"W4 blocks 8,9,10,11,12,13,14,15",sample-1021.npz,5,0.03127240389585495
"W4 blocks 8,9,10,11,12,13,14,15",sample-1021.npz,6,0.07743839174509048
"W4 blocks 8,9,10,11,12,13,14,15",sample-1022.npz,0,0.10457289963960648
"W4 blocks 8,9,10,11,12,13,14,15",sample-1022.npz,1,0.17825409770011902
"W4 blocks 8,9,10,11,12,13,14,15",sample-1022.npz,2,0.2037312388420105
"W4 blocks 8,9,10,11,12,13,14,15",sample-1022.npz,3,0.06524945795536041
"W4 blocks 8,9,10,11,12,13,14,15",sample-1022.npz,4,0.29420024156570435
"W4 blocks 8,9,10,11,12,13,14,15",sample-1022.npz,5,0.0505693294107914
"W4 blocks 8,9,10,11,12,13,14,15",sample-1022.npz,6,0.007852376438677311
"W4 blocks 8,9,10,11,12,13,14,15",sample-1023.npz,0,0.05432261526584625
"W4 blocks 8,9,10,11,12,13,14,15",sample-1023.npz,1,0.11555584520101547
"W4 blocks 8,9,10,11,12,13,14,15",sample-1023.npz,2,0.1167227104306221
"W4 blocks 8,9,10,11,12,13,14,15",sample-1023.npz,3,0.06060259789228439
"W4 blocks 8,9,10,11,12,13,14,15",sample-1023.npz,4,0.10651783645153046
"W4 blocks 8,9,10,11,12,13,14,15",sample-1023.npz,5,0.3532851040363312
"W4 blocks 8,9,10,11,12,13,14,15",sample-1023.npz,6,0.0356946624815464
"W4 blocks 8,9,10,11,12,13,14,15",sample-1024.npz,0,0.11480988562107086
"W4 blocks 8,9,10,11,12,13,14,15",sample-1024.npz,1,0.04617921635508537
"W4 blocks 8,9,10,11,12,13,14,15",sample-1024.npz,2,0.1491917371749878
"W4 blocks 8,9,10,11,12,13,14,15",sample-1024.npz,3,0.36956986784935
"W4 blocks 8,9,10,11,12,13,14,15",sample-1024.npz,4,0.1552084982395172
"W4 blocks 8,9,10,11,12,13,14,15",sample-1024.npz,5,0.40034833550453186
"W4 blocks 8,9,10,11,12,13,14,15",sample-1024.npz,6,0.008228041231632233
"W4 blocks 8,9,10,11,12,13,14,15",sample-1025.npz,0,0.16119512915611267
"W4 blocks 8,9,10,11,12,13,14,15",sample-1025.npz,1,0.09959210455417633
"W4 blocks 8,9,10,11,12,13,14,15",sample-1025.npz,2,0.11398255825042725
"W4 blocks 8,9,10,11,12,13,14,15",sample-1025.npz,3,0.14037412405014038
"W4 blocks 8,9,10,11,12,13,14,15",sample-1025.npz,4,0.2622356712818146
"W4 blocks 8,9,10,11,12,13,14,15",sample-1025.npz,5,0.04612255096435547
"W4 blocks 8,9,10,11,12,13,14,15",sample-1025.npz,6,0.16667969524860382
"W4 blocks 8,9,10,11,12,13,14,15",sample-1026.npz,0,0.27803361415863037
"W4 blocks 8,9,10,11,12,13,14,15",sample-1026.npz,1,0.13145488500595093
"W4 blocks 8,9,10,11,12,13,14,15",sample-1026.npz,2,0.06410074979066849
"W4 blocks 8,9,10,11,12,13,14,15",sample-1026.npz,3,0.10458892583847046
"W4 blocks 8,9,10,11,12,13,14,15",sample-1026.npz,4,0.1185617670416832
"W4 blocks 8,9,10,11,12,13,14,15",sample-1026.npz,5,0.46098610758781433
"W4 blocks 8,9,10,11,12,13,14,15",sample-1026.npz,6,0.06429478526115417
"W4 blocks 8,9,10,11,12,13,14,15",sample-1027.npz,0,0.0607326477766037
"W4 blocks 8,9,10,11,12,13,14,15",sample-1027.npz,1,0.023604750633239746
"W4 blocks 8,9,10,11,12,13,14,15",sample-1027.npz,2,0.11381020396947861
"W4 blocks 8,9,10,11,12,13,14,15",sample-1027.npz,3,0.10203292220830917
"W4 blocks 8,9,10,11,12,13,14,15",sample-1027.npz,4,0.1600491851568222
"W4 blocks 8,9,10,11,12,13,14,15",sample-1027.npz,5,0.21353556215763092
"W4 blocks 8,9,10,11,12,13,14,15",sample-1027.npz,6,0.5014215707778931
"W4 blocks 8,9,10,11,12,13,14,15",sample-1028.npz,0,0.153062641620636
"W4 blocks 8,9,10,11,12,13,14,15",sample-1028.npz,1,0.1290469914674759
"W4 blocks 8,9,10,11,12,13,14,15",sample-1028.npz,2,0.09913913160562515
"W4 blocks 8,9,10,11,12,13,14,15",sample-1028.npz,3,0.26191458106040955
"W4 blocks 8,9,10,11,12,13,14,15",sample-1028.npz,4,0.13410183787345886
"W4 blocks 8,9,10,11,12,13,14,15",sample-1028.npz,5,0.025996103882789612
"W4 blocks 8,9,10,11,12,13,14,15",sample-1028.npz,6,0.004759210627526045
"W4 blocks 8,9,10,11,12,13,14,15",sample-1029.npz,0,0.0883897915482521
"W4 blocks 8,9,10,11,12,13,14,15",sample-1029.npz,1,0.10188642889261246
"W4 blocks 8,9,10,11,12,13,14,15",sample-1029.npz,2,0.1205698773264885
"W4 blocks 8,9,10,11,12,13,14,15",sample-1029.npz,3,0.13578683137893677
"W4 blocks 8,9,10,11,12,13,14,15",sample-1029.npz,4,0.24154800176620483
"W4 blocks 8,9,10,11,12,13,14,15",sample-1029.npz,5,0.18485763669013977
"W4 blocks 8,9,10,11,12,13,14,15",sample-1029.npz,6,0.04883412644267082
"W4 blocks 8,9,10,11,12,13,14,15",sample-1030.npz,0,0.06761108338832855
"W4 blocks 8,9,10,11,12,13,14,15",sample-1030.npz,1,0.26975053548812866
"W4 blocks 8,9,10,11,12,13,14,15",sample-1030.npz,2,0.14781996607780457
"W4 blocks 8,9,10,11,12,13,14,15",sample-1030.npz,3,0.22872991859912872
"W4 blocks 8,9,10,11,12,13,14,15",sample-1030.npz,4,0.2681560814380646
"W4 blocks 8,9,10,11,12,13,14,15",sample-1030.npz,5,0.08728893846273422
"W4 blocks 8,9,10,11,12,13,14,15",sample-1030.npz,6,0.05198762193322182
"W4 blocks 8,9,10,11,12,13,14,15",sample-1031.npz,0,0.10125907510519028
"W4 blocks 8,9,10,11,12,13,14,15",sample-1031.npz,1,0.11122742295265198
"W4 blocks 8,9,10,11,12,13,14,15",sample-1031.npz,2,0.07497482746839523
"W4 blocks 8,9,10,11,12,13,14,15",sample-1031.npz,3,0.07227301597595215
"W4 blocks 8,9,10,11,12,13,14,15",sample-1031.npz,4,0.08124441653490067
"W4 blocks 8,9,10,11,12,13,14,15",sample-1031.npz,5,0.09530901908874512
"W4 blocks 8,9,10,11,12,13,14,15",sample-1031.npz,6,0.011480985209345818
"W4 blocks 16,17,18,19,20,21,22,23",sample-1000.npz,0,0.05767633393406868
"W4 blocks 16,17,18,19,20,21,22,23",sample-1000.npz,1,0.054022450000047684
"W4 blocks 16,17,18,19,20,21,22,23",sample-1000.npz,2,0.16162624955177307
"W4 blocks 16,17,18,19,20,21,22,23",sample-1000.npz,3,0.25105178356170654
"W4 blocks 16,17,18,19,20,21,22,23",sample-1000.npz,4,0.14626428484916687
"W4 blocks 16,17,18,19,20,21,22,23",sample-1000.npz,5,0.2796720564365387
"W4 blocks 16,17,18,19,20,21,22,23",sample-1000.npz,6,0.01991804502904415
"W4 blocks 16,17,18,19,20,21,22,23",sample-1001.npz,0,0.08463197201490402
"W4 blocks 16,17,18,19,20,21,22,23",sample-1001.npz,1,0.4576979875564575
"W4 blocks 16,17,18,19,20,21,22,23",sample-1001.npz,2,0.18328101933002472
"W4 blocks 16,17,18,19,20,21,22,23",sample-1001.npz,3,0.1388244926929474
"W4 blocks 16,17,18,19,20,21,22,23",sample-1001.npz,4,0.11846266686916351
"W4 blocks 16,17,18,19,20,21,22,23",sample-1001.npz,5,0.03266196325421333
"W4 blocks 16,17,18,19,20,21,22,23",sample-1001.npz,6,0.01338995061814785
"W4 blocks 16,17,18,19,20,21,22,23",sample-1002.npz,0,0.1700272560119629
"W4 blocks 16,17,18,19,20,21,22,23",sample-1002.npz,1,0.21339471638202667
"W4 blocks 16,17,18,19,20,21,22,23",sample-1002.npz,2,0.18649916350841522
"W4 blocks 16,17,18,19,20,21,22,23",sample-1002.npz,3,0.12225333601236343
"W4 blocks 16,17,18,19,20,21,22,23",sample-1002.npz,4,0.34068354964256287
"W4 blocks 16,17,18,19,20,21,22,23",sample-1002.npz,5,0.2105381339788437
"W4 blocks 16,17,18,19,20,21,22,23",sample-1002.npz,6,0.0378841869533062
"W4 blocks 16,17,18,19,20,21,22,23",sample-1003.npz,0,0.20454242825508118
"W4 blocks 16,17,18,19,20,21,22,23",sample-1003.npz,1,0.06909912824630737
"W4 blocks 16,17,18,19,20,21,22,23",sample-1003.npz,2,0.08646853268146515
"W4 blocks 16,17,18,19,20,21,22,23",sample-1003.npz,3,0.2504851818084717
"W4 blocks 16,17,18,19,20,21,22,23",sample-1003.npz,4,0.3022702634334564
"W4 blocks 16,17,18,19,20,21,22,23",sample-1003.npz,5,0.3807052671909332
"W4 blocks 16,17,18,19,20,21,22,23",sample-1003.npz,6,0.027861997485160828
"W4 blocks 16,17,18,19,20,21,22,23",sample-1004.npz,0,0.2129596322774887
"W4 blocks 16,17,18,19,20,21,22,23",sample-1004.npz,1,0.2512746751308441
"W4 blocks 16,17,18,19,20,21,22,23",sample-1004.npz,2,0.29146313667297363
"W4 blocks 16,17,18,19,20,21,22,23",sample-1004.npz,3,0.20609286427497864
"W4 blocks 16,17,18,19,20,21,22,23",sample-1004.npz,4,0.15108303725719452
"W4 blocks 16,17,18,19,20,21,22,23",sample-1004.npz,5,0.05592792108654976
"W4 blocks 16,17,18,19,20,21,22,23",sample-1004.npz,6,0.006047516595572233
"W4 blocks 16,17,18,19,20,21,22,23",sample-1005.npz,0,0.038010742515325546
"W4 blocks 16,17,18,19,20,21,22,23",sample-1005.npz,1,0.0898527130484581
"W4 blocks 16,17,18,19,20,21,22,23",sample-1005.npz,2,0.10798193514347076
"W4 blocks 16,17,18,19,20,21,22,23",sample-1005.npz,3,0.0939583033323288
"W4 blocks 16,17,18,19,20,21,22,23",sample-1005.npz,4,0.11943621188402176
"W4 blocks 16,17,18,19,20,21,22,23",sample-1005.npz,5,0.16628682613372803
"W4 blocks 16,17,18,19,20,21,22,23",sample-1005.npz,6,0.011592432856559753
"W4 blocks 16,17,18,19,20,21,22,23",sample-1006.npz,0,0.18667125701904297
"W4 blocks 16,17,18,19,20,21,22,23",sample-1006.npz,1,0.08196497708559036
"W4 blocks 16,17,18,19,20,21,22,23",sample-1006.npz,2,0.16737152636051178
"W4 blocks 16,17,18,19,20,21,22,23",sample-1006.npz,3,0.12006054818630219
"W4 blocks 16,17,18,19,20,21,22,23",sample-1006.npz,4,0.27491816878318787
"W4 blocks 16,17,18,19,20,21,22,23",sample-1006.npz,5,0.1580992043018341
"W4 blocks 16,17,18,19,20,21,22,23",sample-1006.npz,6,0.020807886496186256
"W4 blocks 16,17,18,19,20,21,22,23",sample-1007.npz,0,0.11698944866657257
"W4 blocks 16,17,18,19,20,21,22,23",sample-1007.npz,1,0.12576062977313995
"W4 blocks 16,17,18,19,20,21,22,23",sample-1007.npz,2,0.1448419690132141
"W4 blocks 16,17,18,19,20,21,22,23",sample-1007.npz,3,0.12121021002531052
"W4 blocks 16,17,18,19,20,21,22,23",sample-1007.npz,4,0.04628300294280052
"W4 blocks 16,17,18,19,20,21,22,23",sample-1007.npz,5,0.05558062717318535
"W4 blocks 16,17,18,19,20,21,22,23",sample-1007.npz,6,0.01835581287741661
"W4 blocks 16,17,18,19,20,21,22,23",sample-1008.npz,0,0.06898868083953857
"W4 blocks 16,17,18,19,20,21,22,23",sample-1008.npz,1,0.19855961203575134
"W4 blocks 16,17,18,19,20,21,22,23",sample-1008.npz,2,0.1233406811952591
"W4 blocks 16,17,18,19,20,21,22,23",sample-1008.npz,3,0.2816024720668793
"W4 blocks 16,17,18,19,20,21,22,23",sample-1008.npz,4,0.2431660294532776
"W4 blocks 16,17,18,19,20,21,22,23",sample-1008.npz,5,0.061217743903398514
"W4 blocks 16,17,18,19,20,21,22,23",sample-1008.npz,6,0.00624724430963397
"W4 blocks 16,17,18,19,20,21,22,23",sample-1009.npz,0,0.10990943014621735
"W4 blocks 16,17,18,19,20,21,22,23",sample-1009.npz,1,0.061701443046331406
"W4 blocks 16,17,18,19,20,21,22,23",sample-1009.npz,2,0.06447777897119522
"W4 blocks 16,17,18,19,20,21,22,23",sample-1009.npz,3,0.0353851281106472
"W4 blocks 16,17,18,19,20,21,22,23",sample-1009.npz,4,0.016540639102458954
"W4 blocks 16,17,18,19,20,21,22,23",sample-1009.npz,5,0.06830062717199326
"W4 blocks 16,17,18,19,20,21,22,23",sample-1009.npz,6,0.0044148457236588
"W4 blocks 16,17,18,19,20,21,22,23",sample-1010.npz,0,0.2064254879951477
"W4 blocks 16,17,18,19,20,21,22,23",sample-1010.npz,1,0.14980724453926086
"W4 blocks 16,17,18,19,20,21,22,23",sample-1010.npz,2,0.25292304158210754
"W4 blocks 16,17,18,19,20,21,22,23",sample-1010.npz,3,0.4303760230541229
"W4 blocks 16,17,18,19,20,21,22,23",sample-1010.npz,4,0.16958589851856232
"W4 blocks 16,17,18,19,20,21,22,23",sample-1010.npz,5,0.09421764314174652
"W4 blocks 16,17,18,19,20,21,22,23",sample-1010.npz,6,0.02004600130021572
"W4 blocks 16,17,18,19,20,21,22,23",sample-1011.npz,0,0.28753215074539185
"W4 blocks 16,17,18,19,20,21,22,23",sample-1011.npz,1,0.09833080321550369
"W4 blocks 16,17,18,19,20,21,22,23",sample-1011.npz,2,0.21896134316921234
"W4 blocks 16,17,18,19,20,21,22,23",sample-1011.npz,3,0.1053459644317627
"W4 blocks 16,17,18,19,20,21,22,23",sample-1011.npz,4,0.08813261240720749
"W4 blocks 16,17,18,19,20,21,22,23",sample-1011.npz,5,0.1394089162349701
"W4 blocks 16,17,18,19,20,21,22,23",sample-1011.npz,6,0.009954429231584072
"W4 blocks 16,17,18,19,20,21,22,23",sample-1012.npz,0,0.1999814212322235
"W4 blocks 16,17,18,19,20,21,22,23",sample-1012.npz,1,0.20857498049736023
"W4 blocks 16,17,18,19,20,21,22,23",sample-1012.npz,2,0.10172014683485031
"W4 blocks 16,17,18,19,20,21,22,23",sample-1012.npz,3,0.41268691420555115
"W4 blocks 16,17,18,19,20,21,22,23",sample-1012.npz,4,0.07602837681770325
"W4 blocks 16,17,18,19,20,21,22,23",sample-1012.npz,5,0.1964772641658783
"W4 blocks 16,17,18,19,20,21,22,23",sample-1012.npz,6,0.35335078835487366
"W4 blocks 16,17,18,19,20,21,22,23",sample-1013.npz,0,0.1775321215391159
"W4 blocks 16,17,18,19,20,21,22,23",sample-1013.npz,1,0.08514384925365448
"W4 blocks 16,17,18,19,20,21,22,23",sample-1013.npz,2,0.1584320366382599
"W4 blocks 16,17,18,19,20,21,22,23",sample-1013.npz,3,0.20818959176540375
"W4 blocks 16,17,18,19,20,21,22,23",sample-1013.npz,4,0.3076288104057312
"W4 blocks 16,17,18,19,20,21,22,23",sample-1013.npz,5,0.04282687231898308
"W4 blocks 16,17,18,19,20,21,22,23",sample-1013.npz,6,0.02076200395822525
"W4 blocks 16,17,18,19,20,21,22,23",sample-1014.npz,0,0.2003099024295807
"W4 blocks 16,17,18,19,20,21,22,23",sample-1014.npz,1,0.08215164393186569
"W4 blocks 16,17,18,19,20,21,22,23",sample-1014.npz,2,0.08069252967834473
"W4 blocks 16,17,18,19,20,21,22,23",sample-1014.npz,3,0.5053807497024536
"W4 blocks 16,17,18,19,20,21,22,23",sample-1014.npz,4,0.16595019400119781
"W4 blocks 16,17,18,19,20,21,22,23",sample-1014.npz,5,0.057994063943624496
"W4 blocks 16,17,18,19,20,21,22,23",sample-1014.npz,6,0.013968621380627155
"W4 blocks 16,17,18,19,20,21,22,23",sample-1015.npz,0,0.08636903762817383
"W4 blocks 16,17,18,19,20,21,22,23",sample-1015.npz,1,0.26454928517341614
"W4 blocks 16,17,18,19,20,21,22,23",sample-1015.npz,2,0.27049878239631653
"W4 blocks 16,17,18,19,20,21,22,23",sample-1015.npz,3,0.1641630381345749
"W4 blocks 16,17,18,19,20,21,22,23",sample-1015.npz,4,0.11771751195192337
"W4 blocks 16,17,18,19,20,21,22,23",sample-1015.npz,5,0.06918399035930634
"W4 blocks 16,17,18,19,20,21,22,23",sample-1015.npz,6,0.009068852290511131
"W4 blocks 16,17,18,19,20,21,22,23",sample-1016.npz,0,0.06411190330982208
"W4 blocks 16,17,18,19,20,21,22,23",sample-1016.npz,1,0.12372539192438126
"W4 blocks 16,17,18,19,20,21,22,23",sample-1016.npz,2,0.13749301433563232
"W4 blocks 16,17,18,19,20,21,22,23",sample-1016.npz,3,0.05394577607512474
"W4 blocks 16,17,18,19,20,21,22,23",sample-1016.npz,4,0.1393478959798813
"W4 blocks 16,17,18,19,20,21,22,23",sample-1016.npz,5,0.21179617941379547
"W4 blocks 16,17,18,19,20,21,22,23",sample-1016.npz,6,0.023055540397763252
"W4 blocks 16,17,18,19,20,21,22,23",sample-1017.npz,0,0.12926872074604034
"W4 blocks 16,17,18,19,20,21,22,23",sample-1017.npz,1,0.17570510506629944
"W4 blocks 16,17,18,19,20,21,22,23",sample-1017.npz,2,0.05300944671034813
"W4 blocks 16,17,18,19,20,21,22,23",sample-1017.npz,3,0.2756967544555664
"W4 blocks 16,17,18,19,20,21,22,23",sample-1017.npz,4,0.13130468130111694
"W4 blocks 16,17,18,19,20,21,22,23",sample-1017.npz,5,0.3025130033493042
"W4 blocks 16,17,18,19,20,21,22,23",sample-1017.npz,6,0.01068386621773243
"W4 blocks 16,17,18,19,20,21,22,23",sample-1018.npz,0,0.039259348064661026
"W4 blocks 16,17,18,19,20,21,22,23",sample-1018.npz,1,0.16126887500286102
"W4 blocks 16,17,18,19,20,21,22,23",sample-1018.npz,2,0.42519694566726685
"W4 blocks 16,17,18,19,20,21,22,23",sample-1018.npz,3,0.1395963877439499
"W4 blocks 16,17,18,19,20,21,22,23",sample-1018.npz,4,0.12170012295246124
"W4 blocks 16,17,18,19,20,21,22,23",sample-1018.npz,5,0.20595456659793854
"W4 blocks 16,17,18,19,20,21,22,23",sample-1018.npz,6,0.00826993677765131
"W4 blocks 16,17,18,19,20,21,22,23",sample-1019.npz,0,0.16810637712478638
"W4 blocks 16,17,18,19,20,21,22,23",sample-1019.npz,1,0.09696056693792343
"W4 blocks 16,17,18,19,20,21,22,23",sample-1019.npz,2,0.19625049829483032
"W4 blocks 16,17,18,19,20,21,22,23",sample-1019.npz,3,0.6196162104606628
"W4 blocks 16,17,18,19,20,21,22,23",sample-1019.npz,4,0.58905428647995
"W4 blocks 16,17,18,19,20,21,22,23",sample-1019.npz,5,0.09430640935897827
"W4 blocks 16,17,18,19,20,21,22,23",sample-1019.npz,6,0.012216282077133656
"W4 blocks 16,17,18,19,20,21,22,23",sample-1020.npz,0,0.17626893520355225
"W4 blocks 16,17,18,19,20,21,22,23",sample-1020.npz,1,0.2294054925441742
"W4 blocks 16,17,18,19,20,21,22,23",sample-1020.npz,2,0.18551090359687805
"W4 blocks 16,17,18,19,20,21,22,23",sample-1020.npz,3,0.03180138021707535
"W4 blocks 16,17,18,19,20,21,22,23",sample-1020.npz,4,0.04521333426237106
"W4 blocks 16,17,18,19,20,21,22,23",sample-1020.npz,5,0.10407780855894089
"W4 blocks 16,17,18,19,20,21,22,23",sample-1020.npz,6,0.01491780485957861
"W4 blocks 16,17,18,19,20,21,22,23",sample-1021.npz,0,0.16006094217300415
"W4 blocks 16,17,18,19,20,21,22,23",sample-1021.npz,1,0.1071251705288887
"W4 blocks 16,17,18,19,20,21,22,23",sample-1021.npz,2,0.1215960681438446
"W4 blocks 16,17,18,19,20,21,22,23",sample-1021.npz,3,0.087884820997715
"W4 blocks 16,17,18,19,20,21,22,23",sample-1021.npz,4,0.021716853603720665
"W4 blocks 16,17,18,19,20,21,22,23",sample-1021.npz,5,0.018539423123002052
"W4 blocks 16,17,18,19,20,21,22,23",sample-1021.npz,6,0.02737860567867756
"W4 blocks 16,17,18,19,20,21,22,23",sample-1022.npz,0,0.14279155433177948
"W4 blocks 16,17,18,19,20,21,22,23",sample-1022.npz,1,0.08718247711658478
"W4 blocks 16,17,18,19,20,21,22,23",sample-1022.npz,2,0.21965906023979187
"W4 blocks 16,17,18,19,20,21,22,23",sample-1022.npz,3,0.04358808696269989
"W4 blocks 16,17,18,19,20,21,22,23",sample-1022.npz,4,0.25423526763916016
"W4 blocks 16,17,18,19,20,21,22,23",sample-1022.npz,5,0.018384452909231186
"W4 blocks 16,17,18,19,20,21,22,23",sample-1022.npz,6,0.0044653830118477345
"W4 blocks 16,17,18,19,20,21,22,23",sample-1023.npz,0,0.1371682733297348
"W4 blocks 16,17,18,19,20,21,22,23",sample-1023.npz,1,0.12330638617277145
"W4 blocks 16,17,18,19,20,21,22,23",sample-1023.npz,2,0.20358459651470184
"W4 blocks 16,17,18,19,20,21,22,23",sample-1023.npz,3,0.03074539825320244
"W4 blocks 16,17,18,19,20,21,22,23",sample-1023.npz,4,0.1476719230413437
"W4 blocks 16,17,18,19,20,21,22,23",sample-1023.npz,5,0.330404132604599
"W4 blocks 16,17,18,19,20,21,22,23",sample-1023.npz,6,0.013318536803126335
"W4 blocks 16,17,18,19,20,21,22,23",sample-1024.npz,0,0.16994643211364746
"W4 blocks 16,17,18,19,20,21,22,23",sample-1024.npz,1,0.07098693400621414
"W4 blocks 16,17,18,19,20,21,22,23",sample-1024.npz,2,0.06650075316429138
"W4 blocks 16,17,18,19,20,21,22,23",sample-1024.npz,3,0.4569524824619293
"W4 blocks 16,17,18,19,20,21,22,23",sample-1024.npz,4,0.18029361963272095
"W4 blocks 16,17,18,19,20,21,22,23",sample-1024.npz,5,0.41835930943489075
"W4 blocks 16,17,18,19,20,21,22,23",sample-1024.npz,6,0.007763387635350227
"W4 blocks 16,17,18,19,20,21,22,23",sample-1025.npz,0,0.16863049566745758
"W4 blocks 16,17,18,19,20,21,22,23",sample-1025.npz,1,0.0761045515537262
"W4 blocks 16,17,18,19,20,21,22,23",sample-1025.npz,2,0.17000779509544373
"W4 blocks 16,17,18,19,20,21,22,23",sample-1025.npz,3,0.2613537609577179
"W4 blocks 16,17,18,19,20,21,22,23",sample-1025.npz,4,0.28496843576431274
"W4 blocks 16,17,18,19,20,21,22,23",sample-1025.npz,5,0.15560206770896912
"W4 blocks 16,17,18,19,20,21,22,23",sample-1025.npz,6,0.21017590165138245
"W4 blocks 16,17,18,19,20,21,22,23",sample-1026.npz,0,0.2284659892320633
"W4 blocks 16,17,18,19,20,21,22,23",sample-1026.npz,1,0.1886415034532547
"W4 blocks 16,17,18,19,20,21,22,23",sample-1026.npz,2,0.06616166234016418
"W4 blocks 16,17,18,19,20,21,22,23",sample-1026.npz,3,0.07873769849538803
"W4 blocks 16,17,18,19,20,21,22,23",sample-1026.npz,4,0.05085565522313118
"W4 blocks 16,17,18,19,20,21,22,23",sample-1026.npz,5,0.5554885268211365
"W4 blocks 16,17,18,19,20,21,22,23",sample-1026.npz,6,0.004499402828514576
"W4 blocks 16,17,18,19,20,21,22,23",sample-1027.npz,0,0.16329120099544525
"W4 blocks 16,17,18,19,20,21,22,23",sample-1027.npz,1,0.018025118857622147
"W4 blocks 16,17,18,19,20,21,22,23",sample-1027.npz,2,0.15161044895648956
"W4 blocks 16,17,18,19,20,21,22,23",sample-1027.npz,3,0.08160723000764847
"W4 blocks 16,17,18,19,20,21,22,23",sample-1027.npz,4,0.22424694895744324
"W4 blocks 16,17,18,19,20,21,22,23",sample-1027.npz,5,0.2358991950750351
"W4 blocks 16,17,18,19,20,21,22,23",sample-1027.npz,6,0.6842164397239685
"W4 blocks 16,17,18,19,20,21,22,23",sample-1028.npz,0,0.19710496068000793
"W4 blocks 16,17,18,19,20,21,22,23",sample-1028.npz,1,0.0910438522696495
"W4 blocks 16,17,18,19,20,21,22,23",sample-1028.npz,2,0.045070238411426544
"W4 blocks 16,17,18,19,20,21,22,23",sample-1028.npz,3,0.17181721329689026
"W4 blocks 16,17,18,19,20,21,22,23",sample-1028.npz,4,0.12594547867774963
"W4 blocks 16,17,18,19,20,21,22,23",sample-1028.npz,5,0.03232075273990631
"W4 blocks 16,17,18,19,20,21,22,23",sample-1028.npz,6,0.007111907470971346
"W4 blocks 16,17,18,19,20,21,22,23",sample-1029.npz,0,0.07635551691055298
"W4 blocks 16,17,18,19,20,21,22,23",sample-1029.npz,1,0.08459749817848206
"W4 blocks 16,17,18,19,20,21,22,23",sample-1029.npz,2,0.1202239915728569
"W4 blocks 16,17,18,19,20,21,22,23",sample-1029.npz,3,0.16390882432460785
"W4 blocks 16,17,18,19,20,21,22,23",sample-1029.npz,4,0.23504161834716797
"W4 blocks 16,17,18,19,20,21,22,23",sample-1029.npz,5,0.14722442626953125
"W4 blocks 16,17,18,19,20,21,22,23",sample-1029.npz,6,0.017410490661859512
"W4 blocks 16,17,18,19,20,21,22,23",sample-1030.npz,0,0.12446120381355286
"W4 blocks 16,17,18,19,20,21,22,23",sample-1030.npz,1,0.16661913692951202
"W4 blocks 16,17,18,19,20,21,22,23",sample-1030.npz,2,0.2738665044307709
"W4 blocks 16,17,18,19,20,21,22,23",sample-1030.npz,3,0.27180519700050354
"W4 blocks 16,17,18,19,20,21,22,23",sample-1030.npz,4,0.28359830379486084
"W4 blocks 16,17,18,19,20,21,22,23",sample-1030.npz,5,0.10038556903600693
"W4 blocks 16,17,18,19,20,21,22,23",sample-1030.npz,6,0.1783570498228073
"W4 blocks 16,17,18,19,20,21,22,23",sample-1031.npz,0,0.10788889974355698
"W4 blocks 16,17,18,19,20,21,22,23",sample-1031.npz,1,0.17877896130084991
"W4 blocks 16,17,18,19,20,21,22,23",sample-1031.npz,2,0.05255094915628433
"W4 blocks 16,17,18,19,20,21,22,23",sample-1031.npz,3,0.08893459290266037
"W4 blocks 16,17,18,19,20,21,22,23",sample-1031.npz,4,0.1268007904291153
"W4 blocks 16,17,18,19,20,21,22,23",sample-1031.npz,5,0.10469350218772888
"W4 blocks 16,17,18,19,20,21,22,23",sample-1031.npz,6,0.0063291494734585285
"W4 blocks 24,25,26,27,28,29,30,31",sample-1000.npz,0,0.114275723695755
"W4 blocks 24,25,26,27,28,29,30,31",sample-1000.npz,1,0.09277324378490448
"W4 blocks 24,25,26,27,28,29,30,31",sample-1000.npz,2,0.2877737581729889
"W4 blocks 24,25,26,27,28,29,30,31",sample-1000.npz,3,0.34602823853492737
"W4 blocks 24,25,26,27,28,29,30,31",sample-1000.npz,4,0.17934030294418335
"W4 blocks 24,25,26,27,28,29,30,31",sample-1000.npz,5,0.2842945158481598
"W4 blocks 24,25,26,27,28,29,30,31",sample-1000.npz,6,0.012039870955049992
"W4 blocks 24,25,26,27,28,29,30,31",sample-1001.npz,0,0.2760503888130188
"W4 blocks 24,25,26,27,28,29,30,31",sample-1001.npz,1,0.8157233595848083
"W4 blocks 24,25,26,27,28,29,30,31",sample-1001.npz,2,0.3075629770755768
"W4 blocks 24,25,26,27,28,29,30,31",sample-1001.npz,3,0.1591585874557495
"W4 blocks 24,25,26,27,28,29,30,31",sample-1001.npz,4,0.12413644790649414
"W4 blocks 24,25,26,27,28,29,30,31",sample-1001.npz,5,0.05125470459461212
"W4 blocks 24,25,26,27,28,29,30,31",sample-1001.npz,6,0.16294260323047638
"W4 blocks 24,25,26,27,28,29,30,31",sample-1002.npz,0,0.21896488964557648
"W4 blocks 24,25,26,27,28,29,30,31",sample-1002.npz,1,0.2285858392715454
"W4 blocks 24,25,26,27,28,29,30,31",sample-1002.npz,2,0.29325711727142334
"W4 blocks 24,25,26,27,28,29,30,31",sample-1002.npz,3,0.07015444338321686
"W4 blocks 24,25,26,27,28,29,30,31",sample-1002.npz,4,0.41718101501464844
"W4 blocks 24,25,26,27,28,29,30,31",sample-1002.npz,5,0.2716931104660034
"W4 blocks 24,25,26,27,28,29,30,31",sample-1002.npz,6,0.35343286395072937
"W4 blocks 24,25,26,27,28,29,30,31",sample-1003.npz,0,0.32807618379592896
"W4 blocks 24,25,26,27,28,29,30,31",sample-1003.npz,1,0.14523720741271973
"W4 blocks 24,25,26,27,28,29,30,31",sample-1003.npz,2,0.06024686247110367
"W4 blocks 24,25,26,27,28,29,30,31",sample-1003.npz,3,0.39613404870033264
"W4 blocks 24,25,26,27,28,29,30,31",sample-1003.npz,4,0.3998367488384247
"W4 blocks 24,25,26,27,28,29,30,31",sample-1003.npz,5,0.40910804271698
"W4 blocks 24,25,26,27,28,29,30,31",sample-1003.npz,6,0.019384212791919708
"W4 blocks 24,25,26,27,28,29,30,31",sample-1004.npz,0,0.21586570143699646
"W4 blocks 24,25,26,27,28,29,30,31",sample-1004.npz,1,0.45660483837127686
"W4 blocks 24,25,26,27,28,29,30,31",sample-1004.npz,2,0.264695942401886
"W4 blocks 24,25,26,27,28,29,30,31",sample-1004.npz,3,0.20730005204677582
"W4 blocks 24,25,26,27,28,29,30,31",sample-1004.npz,4,0.2569386065006256
"W4 blocks 24,25,26,27,28,29,30,31",sample-1004.npz,5,0.053558409214019775
"W4 blocks 24,25,26,27,28,29,30,31",sample-1004.npz,6,0.010187540203332901
"W4 blocks 24,25,26,27,28,29,30,31",sample-1005.npz,0,0.0832594707608223
"W4 blocks 24,25,26,27,28,29,30,31",sample-1005.npz,1,0.08260664343833923
"W4 blocks 24,25,26,27,28,29,30,31",sample-1005.npz,2,0.14189590513706207
"W4 blocks 24,25,26,27,28,29,30,31",sample-1005.npz,3,0.1553260236978531
"W4 blocks 24,25,26,27,28,29,30,31",sample-1005.npz,4,0.15835754573345184
"W4 blocks 24,25,26,27,28,29,30,31",sample-1005.npz,5,0.35094940662384033
"W4 blocks 24,25,26,27,28,29,30,31",sample-1005.npz,6,0.010531403124332428
"W4 blocks 24,25,26,27,28,29,30,31",sample-1006.npz,0,0.11605697125196457
"W4 blocks 24,25,26,27,28,29,30,31",sample-1006.npz,1,0.1167939230799675
"W4 blocks 24,25,26,27,28,29,30,31",sample-1006.npz,2,0.30781784653663635
"W4 blocks 24,25,26,27,28,29,30,31",sample-1006.npz,3,0.04552888870239258
"W4 blocks 24,25,26,27,28,29,30,31",sample-1006.npz,4,0.28588879108428955
"W4 blocks 24,25,26,27,28,29,30,31",sample-1006.npz,5,0.26091572642326355
"W4 blocks 24,25,26,27,28,29,30,31",sample-1006.npz,6,0.026421384885907173
"W4 blocks 24,25,26,27,28,29,30,31",sample-1007.npz,0,0.13202138245105743
"W4 blocks 24,25,26,27,28,29,30,31",sample-1007.npz,1,0.27325958013534546
"W4 blocks 24,25,26,27,28,29,30,31",sample-1007.npz,2,0.23218049108982086
"W4 blocks 24,25,26,27,28,29,30,31",sample-1007.npz,3,0.09810766577720642
"W4 blocks 24,25,26,27,28,29,30,31",sample-1007.npz,4,0.0494978167116642
"W4 blocks 24,25,26,27,28,29,30,31",sample-1007.npz,5,0.06539235264062881
"W4 blocks 24,25,26,27,28,29,30,31",sample-1007.npz,6,0.02963363565504551
"W4 blocks 24,25,26,27,28,29,30,31",sample-1008.npz,0,0.1084245964884758
"W4 blocks 24,25,26,27,28,29,30,31",sample-1008.npz,1,0.2214089334011078
"W4 blocks 24,25,26,27,28,29,30,31",sample-1008.npz,2,0.16197189688682556
"W4 blocks 24,25,26,27,28,29,30,31",sample-1008.npz,3,0.34018629789352417
"W4 blocks 24,25,26,27,28,29,30,31",sample-1008.npz,4,0.32023581862449646
"W4 blocks 24,25,26,27,28,29,30,31",sample-1008.npz,5,0.16004548966884613
"W4 blocks 24,25,26,27,28,29,30,31",sample-1008.npz,6,0.012660753913223743
"W4 blocks 24,25,26,27,28,29,30,31",sample-1009.npz,0,0.1163959801197052
"W4 blocks 24,25,26,27,28,29,30,31",sample-1009.npz,1,0.16001923382282257
"W4 blocks 24,25,26,27,28,29,30,31",sample-1009.npz,2,0.0778791680932045
"W4 blocks 24,25,26,27,28,29,30,31",sample-1009.npz,3,0.052142515778541565
"W4 blocks 24,25,26,27,28,29,30,31",sample-1009.npz,4,0.021679941564798355
"W4 blocks 24,25,26,27,28,29,30,31",sample-1009.npz,5,0.04536522179841995
"W4 blocks 24,25,26,27,28,29,30,31",sample-1009.npz,6,0.046666137874126434
"W4 blocks 24,25,26,27,28,29,30,31",sample-1010.npz,0,0.1490602046251297
"W4 blocks 24,25,26,27,28,29,30,31",sample-1010.npz,1,0.2007458209991455
"W4 blocks 24,25,26,27,28,29,30,31",sample-1010.npz,2,0.2522437274456024
"W4 blocks 24,25,26,27,28,29,30,31",sample-1010.npz,3,0.41966354846954346
"W4 blocks 24,25,26,27,28,29,30,31",sample-1010.npz,4,0.24777577817440033
"W4 blocks 24,25,26,27,28,29,30,31",sample-1010.npz,5,0.11345820873975754
"W4 blocks 24,25,26,27,28,29,30,31",sample-1010.npz,6,0.3225969076156616
"W4 blocks 24,25,26,27,28,29,30,31",sample-1011.npz,0,0.3552779257297516
"W4 blocks 24,25,26,27,28,29,30,31",sample-1011.npz,1,0.29417237639427185
"W4 blocks 24,25,26,27,28,29,30,31",sample-1011.npz,2,0.3372698128223419
"W4 blocks 24,25,26,27,28,29,30,31",sample-1011.npz,3,0.08305854350328445
"W4 blocks 24,25,26,27,28,29,30,31",sample-1011.npz,4,0.14388370513916016
"W4 blocks 24,25,26,27,28,29,30,31",sample-1011.npz,5,0.12571974098682404
"W4 blocks 24,25,26,27,28,29,30,31",sample-1011.npz,6,0.0062778908759355545
"W4 blocks 24,25,26,27,28,29,30,31",sample-1012.npz,0,0.2634909749031067
"W4 blocks 24,25,26,27,28,29,30,31",sample-1012.npz,1,0.26715704798698425
"W4 blocks 24,25,26,27,28,29,30,31",sample-1012.npz,2,0.12595076858997345
"W4 blocks 24,25,26,27,28,29,30,31",sample-1012.npz,3,0.6001196503639221
"W4 blocks 24,25,26,27,28,29,30,31",sample-1012.npz,4,0.1163337230682373
"W4 blocks 24,25,26,27,28,29,30,31",sample-1012.npz,5,0.2583811581134796
"W4 blocks 24,25,26,27,28,29,30,31",sample-1012.npz,6,0.47603169083595276
"W4 blocks 24,25,26,27,28,29,30,31",sample-1013.npz,0,0.23124028742313385
"W4 blocks 24,25,26,27,28,29,30,31",sample-1013.npz,1,0.17617449164390564
"W4 blocks 24,25,26,27,28,29,30,31",sample-1013.npz,2,0.23544271290302277
"W4 blocks 24,25,26,27,28,29,30,31",sample-1013.npz,3,0.2853090167045593
"W4 blocks 24,25,26,27,28,29,30,31",sample-1013.npz,4,0.4559805691242218
"W4 blocks 24,25,26,27,28,29,30,31",sample-1013.npz,5,0.01564406231045723
"W4 blocks 24,25,26,27,28,29,30,31",sample-1013.npz,6,0.011472011916339397
"W4 blocks 24,25,26,27,28,29,30,31",sample-1014.npz,0,0.18929733335971832
"W4 blocks 24,25,26,27,28,29,30,31",sample-1014.npz,1,0.14964993298053741
"W4 blocks 24,25,26,27,28,29,30,31",sample-1014.npz,2,0.1625048816204071
"W4 blocks 24,25,26,27,28,29,30,31",sample-1014.npz,3,0.7983139157295227
"W4 blocks 24,25,26,27,28,29,30,31",sample-1014.npz,4,0.16064879298210144
"W4 blocks 24,25,26,27,28,29,30,31",sample-1014.npz,5,0.11440815776586533
"W4 blocks 24,25,26,27,28,29,30,31",sample-1014.npz,6,0.2631894052028656
"W4 blocks 24,25,26,27,28,29,30,31",sample-1015.npz,0,0.10656990110874176
"W4 blocks 24,25,26,27,28,29,30,31",sample-1015.npz,1,0.28327709436416626
"W4 blocks 24,25,26,27,28,29,30,31",sample-1015.npz,2,0.24103665351867676
"W4 blocks 24,25,26,27,28,29,30,31",sample-1015.npz,3,0.16228944063186646
"W4 blocks 24,25,26,27,28,29,30,31",sample-1015.npz,4,0.12879014015197754
"W4 blocks 24,25,26,27,28,29,30,31",sample-1015.npz,5,0.05284924432635307
"W4 blocks 24,25,26,27,28,29,30,31",sample-1015.npz,6,0.006445084232836962
"W4 blocks 24,25,26,27,28,29,30,31",sample-1016.npz,0,0.1979232281446457
"W4 blocks 24,25,26,27,28,29,30,31",sample-1016.npz,1,0.1547865867614746
"W4 blocks 24,25,26,27,28,29,30,31",sample-1016.npz,2,0.16238123178482056
"W4 blocks 24,25,26,27,28,29,30,31",sample-1016.npz,3,0.10685364902019501
"W4 blocks 24,25,26,27,28,29,30,31",sample-1016.npz,4,0.11460576951503754
"W4 blocks 24,25,26,27,28,29,30,31",sample-1016.npz,5,0.26593559980392456
"W4 blocks 24,25,26,27,28,29,30,31",sample-1016.npz,6,0.0066454303450882435
"W4 blocks 24,25,26,27,28,29,30,31",sample-1017.npz,0,0.07750321179628372
"W4 blocks 24,25,26,27,28,29,30,31",sample-1017.npz,1,0.23636096715927124
"W4 blocks 24,25,26,27,28,29,30,31",sample-1017.npz,2,0.10481853038072586
"W4 blocks 24,25,26,27,28,29,30,31",sample-1017.npz,3,0.32527250051498413
"W4 blocks 24,25,26,27,28,29,30,31",sample-1017.npz,4,0.14523348212242126
"W4 blocks 24,25,26,27,28,29,30,31",sample-1017.npz,5,0.37873610854148865
"W4 blocks 24,25,26,27,28,29,30,31",sample-1017.npz,6,0.15193495154380798
"W4 blocks 24,25,26,27,28,29,30,31",sample-1018.npz,0,0.1484779566526413
"W4 blocks 24,25,26,27,28,29,30,31",sample-1018.npz,1,0.19704583287239075
"W4 blocks 24,25,26,27,28,29,30,31",sample-1018.npz,2,0.5210472345352173
"W4 blocks 24,25,26,27,28,29,30,31",sample-1018.npz,3,0.1455809623003006
"W4 blocks 24,25,26,27,28,29,30,31",sample-1018.npz,4,0.13271361589431763
"W4 blocks 24,25,26,27,28,29,30,31",sample-1018.npz,5,0.2107054889202118
"W4 blocks 24,25,26,27,28,29,30,31",sample-1018.npz,6,0.04636964574456215
"W4 blocks 24,25,26,27,28,29,30,31",sample-1019.npz,0,0.19345059990882874
"W4 blocks 24,25,26,27,28,29,30,31",sample-1019.npz,1,0.22892403602600098
"W4 blocks 24,25,26,27,28,29,30,31",sample-1019.npz,2,0.26164335012435913
"W4 blocks 24,25,26,27,28,29,30,31",sample-1019.npz,3,0.8257983922958374
"W4 blocks 24,25,26,27,28,29,30,31",sample-1019.npz,4,0.6919082999229431
"W4 blocks 24,25,26,27,28,29,30,31",sample-1019.npz,5,0.06771163642406464
"W4 blocks 24,25,26,27,28,29,30,31",sample-1019.npz,6,0.020666521042585373
"W4 blocks 24,25,26,27,28,29,30,31",sample-1020.npz,0,0.18125168979167938
"W4 blocks 24,25,26,27,28,29,30,31",sample-1020.npz,1,0.30909666419029236
"W4 blocks 24,25,26,27,28,29,30,31",sample-1020.npz,2,0.11930850893259048
"W4 blocks 24,25,26,27,28,29,30,31",sample-1020.npz,3,0.11545656621456146
"W4 blocks 24,25,26,27,28,29,30,31",sample-1020.npz,4,0.08425599336624146
"W4 blocks 24,25,26,27,28,29,30,31",sample-1020.npz,5,0.16051721572875977
"W4 blocks 24,25,26,27,28,29,30,31",sample-1020.npz,6,0.037156518548727036
"W4 blocks 24,25,26,27,28,29,30,31",sample-1021.npz,0,0.35562968254089355
"W4 blocks 24,25,26,27,28,29,30,31",sample-1021.npz,1,0.06411933898925781
"W4 blocks 24,25,26,27,28,29,30,31",sample-1021.npz,2,0.12356042861938477
"W4 blocks 24,25,26,27,28,29,30,31",sample-1021.npz,3,0.08588162809610367
"W4 blocks 24,25,26,27,28,29,30,31",sample-1021.npz,4,0.05880296602845192
"W4 blocks 24,25,26,27,28,29,30,31",sample-1021.npz,5,0.04814617708325386
"W4 blocks 24,25,26,27,28,29,30,31",sample-1021.npz,6,0.025689348578453064
"W4 blocks 24,25,26,27,28,29,30,31",sample-1022.npz,0,0.06966304779052734
"W4 blocks 24,25,26,27,28,29,30,31",sample-1022.npz,1,0.2215527445077896
"W4 blocks 24,25,26,27,28,29,30,31",sample-1022.npz,2,0.2290717363357544
"W4 blocks 24,25,26,27,28,29,30,31",sample-1022.npz,3,0.11101911216974258
"W4 blocks 24,25,26,27,28,29,30,31",sample-1022.npz,4,0.32382094860076904
"W4 blocks 24,25,26,27,28,29,30,31",sample-1022.npz,5,0.035273462533950806
"W4 blocks 24,25,26,27,28,29,30,31",sample-1022.npz,6,0.06190846860408783
"W4 blocks 24,25,26,27,28,29,30,31",sample-1023.npz,0,0.07549967616796494
"W4 blocks 24,25,26,27,28,29,30,31",sample-1023.npz,1,0.15055428445339203
"W4 blocks 24,25,26,27,28,29,30,31",sample-1023.npz,2,0.3565957844257355
"W4 blocks 24,25,26,27,28,29,30,31",sample-1023.npz,3,0.040109921246767044
"W4 blocks 24,25,26,27,28,29,30,31",sample-1023.npz,4,0.190592959523201
"W4 blocks 24,25,26,27,28,29,30,31",sample-1023.npz,5,0.4610922038555145
"W4 blocks 24,25,26,27,28,29,30,31",sample-1023.npz,6,0.035881198942661285
"W4 blocks 24,25,26,27,28,29,30,31",sample-1024.npz,0,0.1269005984067917
"W4 blocks 24,25,26,27,28,29,30,31",sample-1024.npz,1,0.10558602958917618
"W4 blocks 24,25,26,27,28,29,30,31",sample-1024.npz,2,0.1405661255121231
"W4 blocks 24,25,26,27,28,29,30,31",sample-1024.npz,3,0.6626386046409607
"W4 blocks 24,25,26,27,28,29,30,31",sample-1024.npz,4,0.1992598921060562
"W4 blocks 24,25,26,27,28,29,30,31",sample-1024.npz,5,0.6713546514511108
"W4 blocks 24,25,26,27,28,29,30,31",sample-1024.npz,6,0.04259892925620079
"W4 blocks 24,25,26,27,28,29,30,31",sample-1025.npz,0,0.3055455684661865
"W4 blocks 24,25,26,27,28,29,30,31",sample-1025.npz,1,0.12838910520076752
"W4 blocks 24,25,26,27,28,29,30,31",sample-1025.npz,2,0.18271800875663757
"W4 blocks 24,25,26,27,28,29,30,31",sample-1025.npz,3,0.26736700534820557
"W4 blocks 24,25,26,27,28,29,30,31",sample-1025.npz,4,0.2829696834087372
"W4 blocks 24,25,26,27,28,29,30,31",sample-1025.npz,5,0.05973118916153908
"W4 blocks 24,25,26,27,28,29,30,31",sample-1025.npz,6,0.2937173545360565
"W4 blocks 24,25,26,27,28,29,30,31",sample-1026.npz,0,0.25690439343452454
"W4 blocks 24,25,26,27,28,29,30,31",sample-1026.npz,1,0.1695309728384018
"W4 blocks 24,25,26,27,28,29,30,31",sample-1026.npz,2,0.10618966817855835
"W4 blocks 24,25,26,27,28,29,30,31",sample-1026.npz,3,0.06089853495359421
"W4 blocks 24,25,26,27,28,29,30,31",sample-1026.npz,4,0.05610767751932144
"W4 blocks 24,25,26,27,28,29,30,31",sample-1026.npz,5,0.7436907291412354
"W4 blocks 24,25,26,27,28,29,30,31",sample-1026.npz,6,0.12726210057735443
"W4 blocks 24,25,26,27,28,29,30,31",sample-1027.npz,0,0.17552098631858826
"W4 blocks 24,25,26,27,28,29,30,31",sample-1027.npz,1,0.028807559981942177
"W4 blocks 24,25,26,27,28,29,30,31",sample-1027.npz,2,0.1495089828968048
"W4 blocks 24,25,26,27,28,29,30,31",sample-1027.npz,3,0.12659598886966705
"W4 blocks 24,25,26,27,28,29,30,31",sample-1027.npz,4,0.20290270447731018
"W4 blocks 24,25,26,27,28,29,30,31",sample-1027.npz,5,0.2679726779460907
"W4 blocks 24,25,26,27,28,29,30,31",sample-1027.npz,6,0.7835102081298828
"W4 blocks 24,25,26,27,28,29,30,31",sample-1028.npz,0,0.22444990277290344
"W4 blocks 24,25,26,27,28,29,30,31",sample-1028.npz,1,0.12431003153324127
"W4 blocks 24,25,26,27,28,29,30,31",sample-1028.npz,2,0.14634759724140167
"W4 blocks 24,25,26,27,28,29,30,31",sample-1028.npz,3,0.26417338848114014
"W4 blocks 24,25,26,27,28,29,30,31",sample-1028.npz,4,0.13148066401481628
"W4 blocks 24,25,26,27,28,29,30,31",sample-1028.npz,5,0.030246352776885033
"W4 blocks 24,25,26,27,28,29,30,31",sample-1028.npz,6,0.00845685601234436
"W4 blocks 24,25,26,27,28,29,30,31",sample-1029.npz,0,0.15934690833091736
"W4 blocks 24,25,26,27,28,29,30,31",sample-1029.npz,1,0.13583046197891235
"W4 blocks 24,25,26,27,28,29,30,31",sample-1029.npz,2,0.12165407836437225
"W4 blocks 24,25,26,27,28,29,30,31",sample-1029.npz,3,0.16401855647563934
"W4 blocks 24,25,26,27,28,29,30,31",sample-1029.npz,4,0.22196263074874878
"W4 blocks 24,25,26,27,28,29,30,31",sample-1029.npz,5,0.18145717680454254
"W4 blocks 24,25,26,27,28,29,30,31",sample-1029.npz,6,0.05089927837252617
"W4 blocks 24,25,26,27,28,29,30,31",sample-1030.npz,0,0.18392322957515717
"W4 blocks 24,25,26,27,28,29,30,31",sample-1030.npz,1,0.37589728832244873
"W4 blocks 24,25,26,27,28,29,30,31",sample-1030.npz,2,0.28477001190185547
"W4 blocks 24,25,26,27,28,29,30,31",sample-1030.npz,3,0.3537893295288086
"W4 blocks 24,25,26,27,28,29,30,31",sample-1030.npz,4,0.3186011016368866
"W4 blocks 24,25,26,27,28,29,30,31",sample-1030.npz,5,0.14349761605262756
"W4 blocks 24,25,26,27,28,29,30,31",sample-1030.npz,6,0.14151060581207275
"W4 blocks 24,25,26,27,28,29,30,31",sample-1031.npz,0,0.08205576986074448
"W4 blocks 24,25,26,27,28,29,30,31",sample-1031.npz,1,0.22131694853305817
"W4 blocks 24,25,26,27,28,29,30,31",sample-1031.npz,2,0.13262207806110382
"W4 blocks 24,25,26,27,28,29,30,31",sample-1031.npz,3,0.1551336795091629
"W4 blocks 24,25,26,27,28,29,30,31",sample-1031.npz,4,0.16209504008293152
"W4 blocks 24,25,26,27,28,29,30,31",sample-1031.npz,5,0.10666892677545547
"W4 blocks 24,25,26,27,28,29,30,31",sample-1031.npz,6,0.012665470130741596
