task_id,init_state_index,model_seed,env_seed,init_state_sha256,bf16_success,w4_success,bf16_episode_errors,w4_episode_errors,source_shard,source_session
0,5,4110909047,2920509582,c9c2f8022034e9a0705daab34a7f5bf9947ac939dfc5cf5a0ab493a377028a02,True,True,[],[],awq-baseline-shard-05-14-20260917-121652-1344,107-baseline-validation-20260917
0,6,3154189564,90430444,784dba596f01025199c62c3e262748c68f1f3b6ff92df2fd36aab8b5263bc0ce,True,True,[],[],awq-baseline-shard-05-14-20260917-121652-1344,107-baseline-validation-20260917
0,7,3181712472,2593257767,d297dd693cb3e13a607d16f211730e28c50b463f597f066ef2a424a8a036186c,True,True,[],[],awq-baseline-shard-05-14-20260917-121652-1344,107-baseline-validation-20260917
0,8,441765833,3459110301,3f628d77bb395ff9ff2b248e18e5dea19d9b1103ed48b55df4eafa29188bd9f0,True,True,[],[],awq-baseline-shard-05-14-20260917-121652-1344,107-baseline-validation-20260917
0,9,1987439733,3221137945,6ccefe4bd69954c98ddc32f1acdcff81b5a66ed4304391089bbc027172b66d64,True,True,[],[],awq-baseline-shard-05-14-20260917-121652-1344,107-baseline-validation-20260917
0,10,3620232980,1329864394,f6ce6f7f25326bedc23933bb436b5f6eb4810cef61184635c75395e557e1808f,True,True,[],[],awq-baseline-shard-05-14-20260917-121652-1344,107-baseline-validation-20260917
0,11,2622996838,3367941717,f9b377d4c4ca5e3bef55b3eff2599229c22f2d944cd5df22c9a8b68882d9dc11,True,True,[],[],awq-baseline-shard-05-14-20260917-121652-1344,107-baseline-validation-20260917
0,12,3415611406,1261377523,504db0289ad1061538940e63d39bcfc82bf536dbf5f9083a1692a0e3a2852d79,True,True,[],[],awq-baseline-shard-05-14-20260917-121652-1344,107-baseline-validation-20260917
0,13,487119605,2986157208,2fd168faf38ffee7943a97f4f9589b8e4ed4acb89670c3004a6541dcc4925bc6,True,True,[],[],awq-baseline-shard-05-14-20260917-121652-1344,107-baseline-validation-20260917
0,14,4123379645,3224135206,a695298e9ef752b05e4d30c817ab1e2061a6136d65242dac7a2cce63f858b9fd,True,True,[],[],awq-baseline-shard-05-14-20260917-121652-1344,107-baseline-validation-20260917
0,15,3807370148,1683549054,51f7d2ae92042fec16a54dd5cd6823eac63f9c096a04bae00a5ec737d8db2cd8,True,True,[],[],awq-baseline-shard-15-24-20260917-125221-12241,107-baseline-validation-20260917
0,16,4022819875,4202172176,db2c9ab25c6b23526efa6be860e4bd8330fab9a84131628f2dea6fe4062f993d,True,True,[],[],awq-baseline-shard-15-24-20260917-125221-12241,107-baseline-validation-20260917
0,17,1824987577,2090749949,cf9d2825f843308d0880ee0d5e3099a43ae2395e616351f6bae4c046dd50198a,True,True,[],[],awq-baseline-shard-15-24-20260917-125221-12241,107-baseline-validation-20260917
0,18,3109138317,2662597911,1f130e9178c4924cf8d24e175c2f0573a5e089299ddf6984b71265abf65bd4e0,True,True,[],[],awq-baseline-shard-15-24-20260917-125221-12241,107-baseline-validation-20260917
0,19,2334791775,3267390290,18f349fb4d8b52566befcd2a80723d533717d8dd5dada90ecd7721d512b65e32,True,True,[],[],awq-baseline-shard-15-24-20260917-125221-12241,107-baseline-validation-20260917
0,20,2314666808,3857939239,79a03d1a76b0b6beb5e3ac797dc63dcd4f8deda96cc70100fd352bf02b8b62b1,True,True,[],[],awq-baseline-shard-15-24-20260917-125221-12241,107-baseline-validation-20260917
0,21,4021272041,108709149,05b91b73c5da09660bb91c279b9ed5a13be98f07fdf979ecda0ec92640d9e331,True,True,[],[],awq-baseline-shard-15-24-20260917-125221-12241,107-baseline-validation-20260917
0,22,2723145541,3317668814,e7a1daaec3d35b65f3dbc4b7b981500c8247a321d3c1fea60f245589d7fcc345,True,True,[],[],awq-baseline-shard-15-24-20260917-125221-12241,107-baseline-validation-20260917
0,23,2167003792,2106207045,79cdb8ea384ce01c24d656b80a89d1dff625fc8259e77b68d4e206df1c397939,True,True,[],[],awq-baseline-shard-15-24-20260917-125221-12241,107-baseline-validation-20260917
0,24,2648567554,3014012616,58fff4a2c49c751e36ac3b459a980c981c8eee95ff4bf8b51fa3f778d8caf6c5,True,True,[],[],awq-baseline-shard-15-24-20260917-125221-12241,107-baseline-validation-20260917
0,25,3554350326,540901330,270c59a4982faf1124a068e1ede6ed6a2e2c4b782d6662152853c8b37308a777,True,True,[],[],awq-baseline-shard-25-26-20260917-132820-22787,107-baseline-validation-20260917
0,26,1482064110,764765995,abcb7b355a728397586ea87e3ff7a8922f27d1ce87137cbb7fad7519c1c8da0b,True,True,[],[],awq-baseline-shard-25-26-20260917-132820-22787,107-baseline-validation-20260917
0,27,584996665,2820563259,87a5c5b1f34db4f44115b14420e64b69ce42fb10bdff86f6fa7d3082cea7030a,True,True,[],[],awq-baseline-shard-27-34-20260917-182634-1372,107-baseline-continuation-20260917
0,28,1553279041,2426614531,9af4a846b8a8625eabd163110d717eb1cf99be156cae4a8ea5f8eb55b6a7b7ae,True,True,[],[],awq-baseline-shard-27-34-20260917-182634-1372,107-baseline-continuation-20260917
0,29,3478293673,420639818,aee904d9b1ab6993ed2d44907c9c93aa6d66f37bc12863a849e8f1608c824304,True,True,[],[],awq-baseline-shard-27-34-20260917-182634-1372,107-baseline-continuation-20260917
0,30,1819856238,3366832657,60373ae3ea0f921f6e0e7ad9b70c93086584c0e40e2c729d198ac04e6f4741d1,True,True,[],[],awq-baseline-shard-27-34-20260917-182634-1372,107-baseline-continuation-20260917
0,31,3588750296,3219659654,dca9d9879195a74cffd26499d9ff1d6f566adaf1dbc1b9abe412d55d8e9c1782,True,True,[],[],awq-baseline-shard-27-34-20260917-182634-1372,107-baseline-continuation-20260917
0,32,2143513019,607565561,a13fabf87ee32c1993174729953b7a47b46aadc29474f109224017888d72fa80,True,True,[],[],awq-baseline-shard-27-34-20260917-182634-1372,107-baseline-continuation-20260917
0,33,3763690868,2184501706,7462d09856ec150e6403873bd1497a818d36d6d9175cf9c41697d986fd971fdf,True,True,[],[],awq-baseline-shard-27-34-20260917-182634-1372,107-baseline-continuation-20260917
0,34,3861600599,1484294791,0fab22e4ac5a4f8f3e5380a56d03d7f2d26c9ed14d4ddd15c3c401ac2756f22b,True,True,[],[],awq-baseline-shard-27-34-20260917-182634-1372,107-baseline-continuation-20260917
1,5,2466788813,2720709901,d0345028d24b7dda175db33c7eb0e5c1d4df2fdf5620c51dd3641fdc77750964,True,True,[],[],awq-baseline-shard-05-14-20260917-121652-1344,107-baseline-validation-20260917
1,6,2663980325,1980140999,74548b977713394a062b37d064eb857cc795b1dd9e3dd6f72236514b2f85404c,True,True,[],[],awq-baseline-shard-05-14-20260917-121652-1344,107-baseline-validation-20260917
1,7,1895985625,355043717,a45364f84a9e141a83181828fb6b8fb37a162e7e85d8636fa891064717f1f95e,True,True,[],[],awq-baseline-shard-05-14-20260917-121652-1344,107-baseline-validation-20260917
1,8,751507276,4285867666,dec62b7a7f186620b39af37c3354071d3b720a7c93e5de1ca14e54f28bc76d41,True,True,[],[],awq-baseline-shard-05-14-20260917-121652-1344,107-baseline-validation-20260917
1,9,2609141265,307292723,4c98afd093bda011d941abba6e2d53d57d3b258fe56cfdfbc4dc74d50260f9ae,True,True,[],[],awq-baseline-shard-05-14-20260917-121652-1344,107-baseline-validation-20260917
1,10,1635856022,1479659323,b0c9ecec06f999784b644016624af927deef020c8c7afee36946fd439c9f45d3,True,True,[],[],awq-baseline-shard-05-14-20260917-121652-1344,107-baseline-validation-20260917
1,11,4034484714,1800060776,dbec87b164a53746107bf8c0d65457de9b6c7b34eb033d5feaf6484af0b336d3,True,True,[],[],awq-baseline-shard-05-14-20260917-121652-1344,107-baseline-validation-20260917
1,12,3143823984,4263442405,b006cf551055a36a035803ef84f01d8fd6a00d1d5d2683ce2afbe0ae4b71ebdb,True,True,[],[],awq-baseline-shard-05-14-20260917-121652-1344,107-baseline-validation-20260917
1,13,1812688483,2824353230,6f694f45d065ddf64d33eb4fdcc791477ad36584a304eea9d83b0c054583079b,True,True,[],[],awq-baseline-shard-05-14-20260917-121652-1344,107-baseline-validation-20260917
1,14,3082037721,1625302639,0525c9e710afca2e894805d74ab6860315c289ef216629f858714d595f16499d,True,True,[],[],awq-baseline-shard-05-14-20260917-121652-1344,107-baseline-validation-20260917
1,15,543885494,4187981846,e066d2a2b83106d42b1ebba4879b77a4206fe243c2722620df89ddf2724112be,True,True,[],[],awq-baseline-shard-15-24-20260917-125221-12241,107-baseline-validation-20260917
1,16,4207872516,101600424,4f194fc2e167205fe0cb404ac38fc61d19637e9a22a914c4a59950813501bc4f,True,True,[],[],awq-baseline-shard-15-24-20260917-125221-12241,107-baseline-validation-20260917
1,17,2167843117,1760898638,d7e0d413dd7853419fb3d2c740087d47828487f25b21b485447376ebaf1946ee,True,True,[],[],awq-baseline-shard-15-24-20260917-125221-12241,107-baseline-validation-20260917
1,18,3871709862,3382291826,b7a22aa591d638c864be3019d088fec8a4fd1460d74098f0ead3193c5bed40c6,True,True,[],[],awq-baseline-shard-15-24-20260917-125221-12241,107-baseline-validation-20260917
1,19,1820116093,2704222166,7ed62144c063138af691f12437505b3fe5200d7e464743f57ae599fe238e6fcc,True,True,[],[],awq-baseline-shard-15-24-20260917-125221-12241,107-baseline-validation-20260917
1,20,125433153,175693112,aef97da3ecaba0f853f56a30e620566abeb607173e7ed1c51b969771f193e427,True,True,[],[],awq-baseline-shard-15-24-20260917-125221-12241,107-baseline-validation-20260917
1,21,900983934,2570175446,204f240ceac0e1d55281d9f5760d5810f02fe9bf2db5c259a4cdd3b0d696ae07,True,True,[],[],awq-baseline-shard-15-24-20260917-125221-12241,107-baseline-validation-20260917
1,22,4203624039,1337176195,f7b5b53bda496b303d061d6235521c331ea773edddeae4915ab9e515d1d9a946,True,True,[],[],awq-baseline-shard-15-24-20260917-125221-12241,107-baseline-validation-20260917
1,23,1376077132,382995625,9204c3a8b891069e31537d63dcd72e2a7607111c73cf8a4f038495e4b6d5cbfa,True,True,[],[],awq-baseline-shard-15-24-20260917-125221-12241,107-baseline-validation-20260917
1,24,4070818733,3055386128,d5457abae771c1553985928c9e7d8f29295a6d3e391efb9be37ab94de1c03651,True,True,[],[],awq-baseline-shard-15-24-20260917-125221-12241,107-baseline-validation-20260917
1,25,4145811711,1002750881,d39dedeb4a7a1d5f7b937db9c174463a89b5019e2b2e3fb3cc4256d2eec8f1b1,True,True,[],[],awq-baseline-shard-25-26-20260917-132820-22787,107-baseline-validation-20260917
1,26,498797251,1163757843,f71d05cda4b40bf08846f79046760d7f190ecb9d4669f439190fc099b001bbd2,True,True,[],[],awq-baseline-shard-25-26-20260917-132820-22787,107-baseline-validation-20260917
1,27,2719972782,2911252690,957bff2d8f541b8cba0c7c5365aa706023c2f9b09a0cd498029eaa4666328024,True,True,[],[],awq-baseline-shard-27-34-20260917-182634-1372,107-baseline-continuation-20260917
1,28,3696227378,3018376757,73c4de51f7a3d44d0d1ccdb2180f85923de83e1e730e34c56d73e94c53d14850,True,True,[],[],awq-baseline-shard-27-34-20260917-182634-1372,107-baseline-continuation-20260917
1,29,2551401112,3846320274,f12a50bbad24f97fe53ff1f8f08405b68fb52fa59a366a7273011c74c43682a8,True,True,[],[],awq-baseline-shard-27-34-20260917-182634-1372,107-baseline-continuation-20260917
1,30,2148046501,3291550717,3036089344aa3de23f7a3661c4881337ed5e278d98c5379b950d9cb00c3ed13e,True,True,[],[],awq-baseline-shard-27-34-20260917-182634-1372,107-baseline-continuation-20260917
1,31,2121512973,3396407165,8a60a693678e7959209f6070471a12fe613bb54f61355402f19eecd32db53e29,True,True,[],[],awq-baseline-shard-27-34-20260917-182634-1372,107-baseline-continuation-20260917
1,32,4007555682,1143324853,c86ee635d79d02e4d33c5aa8939999f827d85099b2851d1178bd9f23e231528b,True,True,[],[],awq-baseline-shard-27-34-20260917-182634-1372,107-baseline-continuation-20260917
1,33,2446284193,303692254,dc62576220d23cd72d86cbaf994459d768774c160c3c7605a7c7822de55e70e6,True,True,[],[],awq-baseline-shard-27-34-20260917-182634-1372,107-baseline-continuation-20260917
1,34,2563757835,2880477501,63821e171711e8b17ce30496fe2d02a5b1e39cbbc1abea294e7558df9e3db1e7,True,True,[],[],awq-baseline-shard-27-34-20260917-182634-1372,107-baseline-continuation-20260917
2,5,550830392,1320153655,244227d010ee2b731b1226316f6f51ddc0b589941068f68e88e7778eabf2e302,True,True,[],[],awq-baseline-shard-05-14-20260917-121652-1344,107-baseline-validation-20260917
2,6,2606276245,3154410349,015663b2e58bace14677f65f8871f622d3c7c24fb3938114fbacaa91ff56d38b,True,True,[],[],awq-baseline-shard-05-14-20260917-121652-1344,107-baseline-validation-20260917
2,7,1923587010,3995789380,3e05dba60bf1a41c0bc853e8480cee4f4a7c58fc86ae62cec40fdc9e5f61cbe0,True,True,[],[],awq-baseline-shard-05-14-20260917-121652-1344,107-baseline-validation-20260917
2,8,344153472,1352003176,10d28a829243d7c83db659e2c66233f7bee106f22cfe5b2261f9f9831ebac708,True,True,[],[],awq-baseline-shard-05-14-20260917-121652-1344,107-baseline-validation-20260917
2,9,1165687323,706024588,864819f19088c1c5f38f9b06923ccebd4818892a4bb231cedc71b892d2a2bc67,True,True,[],[],awq-baseline-shard-05-14-20260917-121652-1344,107-baseline-validation-20260917
2,10,1743506058,871938409,a5783c80f66d8ee9f612b35b9451f4d856d51490248ddfafb528e325f8e6764c,True,True,[],[],awq-baseline-shard-05-14-20260917-121652-1344,107-baseline-validation-20260917
2,11,3623366274,4049915308,47530669e02bf233026da635b8092163537080a7031e3a43201feab9274a9d04,True,True,[],[],awq-baseline-shard-05-14-20260917-121652-1344,107-baseline-validation-20260917
2,12,1150359646,2137693549,44c095bf575781a707629ff0af5acc9e80ab7ddcf2ac9c9fb6245249dec6060b,True,True,[],[],awq-baseline-shard-05-14-20260917-121652-1344,107-baseline-validation-20260917
2,13,3520759812,4178136764,bf439eb9bbf4ded8477d245ff49e8ff00c520c79607cdc50d4238c46c04414af,True,True,[],[],awq-baseline-shard-05-14-20260917-121652-1344,107-baseline-validation-20260917
2,14,3263310779,409871007,fa7608e3c09171809707e8ea49121debab0c56c38b1060a676d295fdcc633928,True,True,[],[],awq-baseline-shard-05-14-20260917-121652-1344,107-baseline-validation-20260917
2,15,3046509409,1569098190,45770514fe0b8e43809603f66532b15c29966b8bd10e974ac4934a32bcc2c94d,True,True,[],[],awq-baseline-shard-15-24-20260917-125221-12241,107-baseline-validation-20260917
2,16,1083217717,3448983821,048497d9ac994d7efd126ba1cb5794d350e266ab578ecba687fb31b9d529984e,True,True,[],[],awq-baseline-shard-15-24-20260917-125221-12241,107-baseline-validation-20260917
2,17,2682498644,152219977,d3c93a325a74c6fb997498769e0608ac9e40c83950ded8f9dfdf6eb0e187f4ed,True,True,[],[],awq-baseline-shard-15-24-20260917-125221-12241,107-baseline-validation-20260917
2,18,178345693,2631818856,c36f01f74b686f82c83b3ea55dcb018a741cfefe09b6d120ae227c9c21faf2ff,True,True,[],[],awq-baseline-shard-15-24-20260917-125221-12241,107-baseline-validation-20260917
2,19,1347478484,1413599330,8b4a7bfbf0fff7d6bf560b38e4cf156bf967a1ee574e0e8b90944781ca52c664,True,True,[],[],awq-baseline-shard-15-24-20260917-125221-12241,107-baseline-validation-20260917
2,20,2848030071,3549346256,86c32e500c2d681050de51b451bf325b3c8abbefc58b02fc198edea233d4458c,True,True,[],[],awq-baseline-shard-15-24-20260917-125221-12241,107-baseline-validation-20260917
2,21,2923225422,3330881757,42f7d963fbe9577ac9acd3193a0079e75915573d0a52a13ae5308d594ab2c398,True,True,[],[],awq-baseline-shard-15-24-20260917-125221-12241,107-baseline-validation-20260917
2,22,153838975,1223014189,0e39b547c3c98c40b90b7edc9f466ee2e05beceba75f60cba0ced4f3af6cc3bb,True,True,[],[],awq-baseline-shard-15-24-20260917-125221-12241,107-baseline-validation-20260917
2,23,1840263269,176109981,851c8e19199bcf8e98e54b540bac566c6e151dad452b8db80428591474e76851,True,True,[],[],awq-baseline-shard-15-24-20260917-125221-12241,107-baseline-validation-20260917
2,24,2943093867,3545906471,18a6352b98f5b15f80b7104e38d8409d29a30b7662b378404ebadecc4e6dc256,True,True,[],[],awq-baseline-shard-15-24-20260917-125221-12241,107-baseline-validation-20260917
2,25,3207143251,2394432905,5d5b2450208eba54e1581541d9ffac4be1569c97a5384845afc00b526fa2672b,True,True,[],[],awq-baseline-shard-25-26-20260917-132820-22787,107-baseline-validation-20260917
2,26,3757510209,708631542,be6662154a0d0e253ab8a4b6efdfe69cb35ce9c940b925a4de07ddf2c7c9cbf7,True,True,[],[],awq-baseline-shard-25-26-20260917-132820-22787,107-baseline-validation-20260917
2,27,2252168369,2334082172,854bdfcd51ad77834b2872be857a610c949dee635c402d31fb482ba8b0fcdabf,False,True,[],[],awq-baseline-shard-27-34-20260917-182634-1372,107-baseline-continuation-20260917
2,28,1068705458,483650993,d342a333056d9f2b9db652157baeaa6b9c00e3d4b45ff819a1d3ead89d4c2848,True,True,[],[],awq-baseline-shard-27-34-20260917-182634-1372,107-baseline-continuation-20260917
2,29,990356161,2529158065,a5ab7d0571112cfb7d130ab437587f8a8e7dd26b4b9957b030b1b1a734719749,True,True,[],[],awq-baseline-shard-27-34-20260917-182634-1372,107-baseline-continuation-20260917
2,30,1823811941,762872809,54acfd0b97b5ce95e16fdd601862cf604f66ad922e4e1f3fccdc79c05bda087d,True,True,[],[],awq-baseline-shard-27-34-20260917-182634-1372,107-baseline-continuation-20260917
2,31,1357376687,598983133,c976c7363518d54a34633001b7207956139afa1061ff6a217ab65eb24fecfb0c,True,True,[],[],awq-baseline-shard-27-34-20260917-182634-1372,107-baseline-continuation-20260917
2,32,1626843166,1593406829,b7ea348f4b1c978f8476504e79de2a2c661b881a8961aa4ef59500598eae84bf,True,True,[],[],awq-baseline-shard-27-34-20260917-182634-1372,107-baseline-continuation-20260917
2,33,1171475189,4084099962,6be1ae79dc28427bcaf62fef6d406f341661284652d3c60117ed1ad86e339e70,True,True,[],[],awq-baseline-shard-27-34-20260917-182634-1372,107-baseline-continuation-20260917
2,34,2428114754,3726451405,886ed201e403ef7ece6e8b3461672186ddc2bbe2576905f887a13718421796fd,True,True,[],[],awq-baseline-shard-27-34-20260917-182634-1372,107-baseline-continuation-20260917
3,5,3527698013,3987898825,6dac57dbcf0ffc62ca6a37b1334c61683200e4b3e944c2de2eb98563b1c6df56,True,True,[],[],awq-baseline-shard-05-14-20260917-121652-1344,107-baseline-validation-20260917
3,6,2357097212,748821386,cc809ea238ea9d71bcd0fa683f60c51f7d2a3864963da43149e4df35d0eed85f,True,True,[],[],awq-baseline-shard-05-14-20260917-121652-1344,107-baseline-validation-20260917
3,7,2057051480,3351635119,b58022b980ae6497859d4ad985cfa89b16832f4c7f82cd2abb8b03cb2e0f6119,True,True,[],[],awq-baseline-shard-05-14-20260917-121652-1344,107-baseline-validation-20260917
3,8,3041705555,1502850896,7d5f3b9821665f85bbf943b1da3fa03d53b694bc8751b4503a39a7351734f89b,True,True,[],[],awq-baseline-shard-05-14-20260917-121652-1344,107-baseline-validation-20260917
3,9,1571737591,4002874428,d60041b13e4f125b32f1d55912b939701a3ddfc2815acb15484be856e2943dae,True,True,[],[],awq-baseline-shard-05-14-20260917-121652-1344,107-baseline-validation-20260917
3,10,2447635993,2305601320,769f3a08b75e4357785695fb7985920bb2e312d05b9b99ec76c182555afab656,True,True,[],[],awq-baseline-shard-05-14-20260917-121652-1344,107-baseline-validation-20260917
3,11,1859926275,2496862514,9ede7c34efdb378d99cbab23cf7a1c5160188fb17e2f54308ce3b4fbb6712d58,True,True,[],[],awq-baseline-shard-05-14-20260917-121652-1344,107-baseline-validation-20260917
3,12,2138052992,2118269906,0a03f52fd9b04847f49d54916274b6c8bac86898e31b582cfd7b5b3c3fcae0df,True,True,[],[],awq-baseline-shard-05-14-20260917-121652-1344,107-baseline-validation-20260917
3,13,3969868260,3218618991,796c143330826bb9f4544037bed5bdf85fff4e5d92eb32bdfecaf382ea948e8f,True,True,[],[],awq-baseline-shard-05-14-20260917-121652-1344,107-baseline-validation-20260917
3,14,1741829862,1718505283,6cf18c532b8185267195e43178fe22383f03c14c097cba540e5d20f1adc0a34c,True,True,[],[],awq-baseline-shard-05-14-20260917-121652-1344,107-baseline-validation-20260917
3,15,37896630,3338659295,52361b17e964ee6de88d5cacda510e638cf084542ea78d76c70a5d395726abd5,True,True,[],[],awq-baseline-shard-15-24-20260917-125221-12241,107-baseline-validation-20260917
3,16,4215148904,2389088309,423931bf6a388befaa73aee6d7505d928643429025cfd78629d28fd20fd85227,True,True,[],[],awq-baseline-shard-15-24-20260917-125221-12241,107-baseline-validation-20260917
3,17,2788686702,483432697,afbd7079d975f031f72f9f86d4f9b0546bb5aba956165e546a303aca82f6b006,True,True,[],[],awq-baseline-shard-15-24-20260917-125221-12241,107-baseline-validation-20260917
3,18,857807918,561897185,f8f9fc0451830fc655416dddfbe161dd478fe1024e89da2515d3f11d5e324d58,True,True,[],[],awq-baseline-shard-15-24-20260917-125221-12241,107-baseline-validation-20260917
3,19,1368153207,3083610471,506d45d3efe3f6738675330af8d19d16069ff0ddf8470ffad2306e592c3b48ed,True,True,[],[],awq-baseline-shard-15-24-20260917-125221-12241,107-baseline-validation-20260917
3,20,2587966869,3228636619,f23e83808a0fc8511f8360b41b764ceb71492223a8f646094087ed6a6241b6e5,True,True,[],[],awq-baseline-shard-15-24-20260917-125221-12241,107-baseline-validation-20260917
3,21,2143382431,2132391892,5a225f422e1c897f0f3cc086530d18bf555b87916b9dc53511982099a452baa1,True,True,[],[],awq-baseline-shard-15-24-20260917-125221-12241,107-baseline-validation-20260917
3,22,3900826560,404979242,23cbe8d139063c7a402eebde0cec2e486ccb8cefd6ba08b0dc1fa55917ba79c0,True,True,[],[],awq-baseline-shard-15-24-20260917-125221-12241,107-baseline-validation-20260917
3,23,27036578,2656395681,fa88150e97cd146fb482f33b8d99e6245ce3aa11a19719053a2de455235dc62d,True,True,[],[],awq-baseline-shard-15-24-20260917-125221-12241,107-baseline-validation-20260917
3,24,3820890312,1353353388,8f2f7a03f736dbd1696f28b14a1f1ab8e06fef15a4be7ae925d975605c086b68,True,True,[],[],awq-baseline-shard-15-24-20260917-125221-12241,107-baseline-validation-20260917
3,25,818075498,2032739372,b3cb958c8ea76d267a5d54ebe4b34c21d625f8ba184f90dc4fbe3c06aada8b2d,True,True,[],[],awq-baseline-shard-25-26-20260917-132820-22787,107-baseline-validation-20260917
3,26,2101975792,474571168,3215e3983a35e04d336484f1af05ec753b0d3f58bb1c7c4a97530ed8f9773886,True,True,[],[],awq-baseline-shard-25-26-20260917-132820-22787,107-baseline-validation-20260917
3,27,4169899133,2107813989,eec7887f489991d9b015f2b8ef700a4646d6d1856f8c8d814f43a84f051f08a1,True,True,[],[],awq-baseline-shard-27-34-20260917-182634-1372,107-baseline-continuation-20260917
3,28,1108794834,4234614986,7c8bd743586f0acef34692ff70f845451d73e1eed874752fcf874a2c54a0271c,True,True,[],[],awq-baseline-shard-27-34-20260917-182634-1372,107-baseline-continuation-20260917
3,29,2039204845,195198961,d1bdda12ba47e7f29beb1a6ba20b3804d2391e26dc962bc84c01bbdcf71f3a6b,True,True,[],[],awq-baseline-shard-27-34-20260917-182634-1372,107-baseline-continuation-20260917
3,30,2754778619,4057971178,c8f6ac536a9738937dd62b03558c47ab581e0153936b9c98452a519f21195672,True,True,[],[],awq-baseline-shard-27-34-20260917-182634-1372,107-baseline-continuation-20260917
3,31,1712531958,1863143974,fa32f8fd267af8197d89c23adab4d9512c5c40f170e3451c47cf1d5c51a52816,True,True,[],[],awq-baseline-shard-27-34-20260917-182634-1372,107-baseline-continuation-20260917
3,32,3606164437,1844613839,f23ec4da8824dd14187ec6b468d57b8dd8c645f5ca693562a5154b9597eef22a,True,True,[],[],awq-baseline-shard-27-34-20260917-182634-1372,107-baseline-continuation-20260917
3,33,338580859,1401498155,429e55bad968feaff73d88329f524a35ade9d7e203b4168016963b8e591a55fa,True,True,[],[],awq-baseline-shard-27-34-20260917-182634-1372,107-baseline-continuation-20260917
3,34,57059378,1793097879,bbf8d1e321fc5519c9ea447a4a08bdfb52a87d882ade0807ccf9d86f492215eb,True,True,[],[],awq-baseline-shard-27-34-20260917-182634-1372,107-baseline-continuation-20260917
4,5,837752708,3540813242,b87346216738a7ce42130dcd154c43380035d684b66a383eaa412aa7d7295b7c,True,True,[],[],awq-baseline-shard-05-14-20260917-121652-1344,107-baseline-validation-20260917
4,6,2961343796,3714354992,58efbae8fa8cdf03edfa2542dbbda4caf806bdf5268b8320a00f1549b00bec95,True,True,[],[],awq-baseline-shard-05-14-20260917-121652-1344,107-baseline-validation-20260917
4,7,3730720358,98182254,f90125fb43ad6d5983af928adc76f7ad7520f2ce624dbd25bb45e1888a5a9e56,True,True,[],[],awq-baseline-shard-05-14-20260917-121652-1344,107-baseline-validation-20260917
4,8,157600660,3891202893,2b61811f6b6a9a61b89a236fd0b30a5b10539a70b67c34209624cfdf52af4e5a,True,True,[],[],awq-baseline-shard-05-14-20260917-121652-1344,107-baseline-validation-20260917
4,9,4112920766,372916700,6a71ea6e55326efc34ec666f301a018286ad06f19222511f0c3af44896801580,True,True,[],[],awq-baseline-shard-05-14-20260917-121652-1344,107-baseline-validation-20260917
4,10,2193637331,3468706112,7bb0de6b71378924db79db6837d31679f6792129b7d9861f58532ba7332d6eb3,True,True,[],[],awq-baseline-shard-05-14-20260917-121652-1344,107-baseline-validation-20260917
4,11,2493649820,1009899069,7ca087b8eea266273cbf99c09f51cc5cfee48a1e6408b367fedf168fc1c9cb15,True,True,[],[],awq-baseline-shard-05-14-20260917-121652-1344,107-baseline-validation-20260917
4,12,598337569,852532106,08c27762b56ead1630b15d284b71f591009a21d824139674181aae9060b98920,True,True,[],[],awq-baseline-shard-05-14-20260917-121652-1344,107-baseline-validation-20260917
4,13,2613584866,1859882902,066159b34ab7fd2c9a3292b11143f7a8d51f697aff2ea00ea90e7eeeeb06e2ba,True,True,[],[],awq-baseline-shard-05-14-20260917-121652-1344,107-baseline-validation-20260917
4,14,3517308286,627429061,cf92dad8abe4770b520ec4e6bf4a9c074cbdc829e6c7bffae73060682dee7d69,True,True,[],[],awq-baseline-shard-05-14-20260917-121652-1344,107-baseline-validation-20260917
4,15,3913061369,592266451,cb5e701ddd05a14b73dade2a434b1ce1bd338ce61091f2e5c21eef2af3c91ce2,True,True,[],[],awq-baseline-shard-15-24-20260917-125221-12241,107-baseline-validation-20260917
4,16,2608786554,174463350,2fd6bf6a9d7196b0c22521e814d89983b55b5ee584b68a3de0ca6ff4659cfaba,True,True,[],[],awq-baseline-shard-15-24-20260917-125221-12241,107-baseline-validation-20260917
4,17,2666651633,952382972,f5d465f187549523ee7aaedba70bf6427cc717feb1cdc5beffdb576b406b6ead,True,False,[],[],awq-baseline-shard-15-24-20260917-125221-12241,107-baseline-validation-20260917
4,18,4232163839,597217658,aa414e9c1b365ba49f5754f04a6d22fe76579e537cc0532defd2b143c8162449,True,True,[],[],awq-baseline-shard-15-24-20260917-125221-12241,107-baseline-validation-20260917
4,19,2353055044,1378792430,c3c1ec2925956850aa3e3a52f63f7b6887c58e2e6cd4900bb07100abe491a044,True,True,[],[],awq-baseline-shard-15-24-20260917-125221-12241,107-baseline-validation-20260917
4,20,1670908685,920887174,ab224edee886b131234e99a0f368026164c95d0cf66b86e2b8e5d57f4752fd0c,True,False,[],[],awq-baseline-shard-15-24-20260917-125221-12241,107-baseline-validation-20260917
4,21,1335719344,3430711781,a1cf613529a200d3bb91c110552437fd8ca22808593bf4ac3474e3c045b972f9,True,True,[],[],awq-baseline-shard-15-24-20260917-125221-12241,107-baseline-validation-20260917
4,22,3568216841,2566227889,186efc26523a1312fad0cace8e20b362c572b5ea898249e5414147fe57593fe7,True,True,[],[],awq-baseline-shard-15-24-20260917-125221-12241,107-baseline-validation-20260917
4,23,1283900926,1610053798,a908a6adf34b19db8ca2aadf44af35f23b19800ecc295882d55df41d51b3b9a0,True,True,[],[],awq-baseline-shard-15-24-20260917-125221-12241,107-baseline-validation-20260917
4,24,2088329899,4102214031,beaa5adbb4f8eb5f1f7ac237eeffd5d8080fbf29ccefdd280b3a85edb7ebb4a8,True,True,[],[],awq-baseline-shard-15-24-20260917-125221-12241,107-baseline-validation-20260917
4,25,1189434570,3525991608,b5100aef09b3d87b2b93b58bfa06cbb5c61fda7364b64dd7efc9d70e3bfbba81,True,True,[],[],awq-baseline-shard-25-26-20260917-132820-22787,107-baseline-validation-20260917
4,26,3181375758,3451782634,9fab525b2ee6351067ed27aaed745583c3c6b0cfacd1a5f8bb6dd21194a2a722,True,True,[],[],awq-baseline-shard-25-26-20260917-132820-22787,107-baseline-validation-20260917
4,27,1932296949,2794282405,1c0fa0d900d58a6a0efbe318c135ae37ab90eedcf2fa24287e9666303ea0c46c,True,False,[],[],awq-baseline-shard-27-34-20260917-182634-1372,107-baseline-continuation-20260917
4,28,3535398324,3795162274,c5bba3de534c81d5f9a204f86e2c0a29b1be669c46019016301232383e65f0a1,True,True,[],[],awq-baseline-shard-27-34-20260917-182634-1372,107-baseline-continuation-20260917
4,29,684213494,2622381963,e1d2890e5b2b1750595cbdbb0b1f2ebefee3d95af09f8d76876e753868fbd943,True,False,[],[],awq-baseline-shard-27-34-20260917-182634-1372,107-baseline-continuation-20260917
4,30,264611168,2128960762,ee926cef9c7408f1360d1fc83dee60af20751b6bb6ed12a1870819c0ced8552c,True,True,[],[],awq-baseline-shard-27-34-20260917-182634-1372,107-baseline-continuation-20260917
4,31,1267726617,3711929335,caf7ad508329331a10ccfc61fdcee5d9be438c13e250c25763736a544d7c109a,True,True,[],[],awq-baseline-shard-27-34-20260917-182634-1372,107-baseline-continuation-20260917
4,32,143794931,4018517041,bae4595249c3121a21a7ac5ead939c4152d5bf453cf68308fc55dbfdaad17b2b,True,True,[],[],awq-baseline-shard-27-34-20260917-182634-1372,107-baseline-continuation-20260917
4,33,2551998591,1944978093,e9ebf57f6d40206ef42640e22e18982888c07b9d89aca2bfac172fea0dda89bb,True,True,[],[],awq-baseline-shard-27-34-20260917-182634-1372,107-baseline-continuation-20260917
4,34,4018642711,3955905011,4900682211a5db89178d5c6d5fe17a2f8387ecc13a31b4683b74fd7829dc8772,True,False,[],[],awq-baseline-shard-27-34-20260917-182634-1372,107-baseline-continuation-20260917
5,5,2704172120,195921136,8a66e26dcb5684fb06268d8558ec89cb48b496d3ba03c491d620ac3d37bba6ba,True,True,[],[],awq-baseline-shard-05-14-20260917-121652-1344,107-baseline-validation-20260917
5,6,1621750818,148153071,a9b966c9cf9cc8d424d7ae20f2e72e57c828aef13f172c2643fa7f7d3b194181,True,True,[],[],awq-baseline-shard-05-14-20260917-121652-1344,107-baseline-validation-20260917
5,7,1633783552,2581305755,987aabd844775a9b57c09e65ce787dcc8b38ef6f8b0c5565dbd48c83ba6ced2f,True,True,[],[],awq-baseline-shard-05-14-20260917-121652-1344,107-baseline-validation-20260917
5,8,3910483305,3545051791,d6c4a596a6f3f6e5bb1b2366f1a4598afaca8d263b0a4e50652479a1ee117ed7,True,True,[],[],awq-baseline-shard-05-14-20260917-121652-1344,107-baseline-validation-20260917
5,9,808358117,3492466183,b97e853cb653df09c54d36b06bd56c40dff4222ea2f6c4a01d6847e1a9b607eb,True,True,[],[],awq-baseline-shard-05-14-20260917-121652-1344,107-baseline-validation-20260917
5,10,471562028,3656938426,bfaff55ad30b79eb4f16c1791d3353527b55561b017b783ffc10277aa26494e0,True,True,[],[],awq-baseline-shard-05-14-20260917-121652-1344,107-baseline-validation-20260917
5,11,3234983578,2035309818,ff39aa05adeb3467ae4e7003d9b14f9f9d307101ecb6ef43d415020975ee3ba8,True,True,[],[],awq-baseline-shard-05-14-20260917-121652-1344,107-baseline-validation-20260917
5,12,423312444,80518552,1035069b81bb91a6134b4ca623b29076df3a99387db6110fabbe0b7aa70d5437,True,True,[],[],awq-baseline-shard-05-14-20260917-121652-1344,107-baseline-validation-20260917
5,13,3626548186,3329673678,3731069406dc50d234dfc8e8cdff9b2a4e2e00970ebd0d000af7dea9884a4236,True,True,[],[],awq-baseline-shard-05-14-20260917-121652-1344,107-baseline-validation-20260917
5,14,2693348730,2576723984,a5932cf3fc7c1839b68d324f8e724108874c30a15b7936c821543aaff18663a6,True,True,[],[],awq-baseline-shard-05-14-20260917-121652-1344,107-baseline-validation-20260917
5,15,1559526597,3020995234,a4deab6566eeb86430ab9f1e5f4f8167ab666fecaf318188b9ce5f5d15999921,True,True,[],[],awq-baseline-shard-15-24-20260917-125221-12241,107-baseline-validation-20260917
5,16,571957621,348540942,7230223d3b36c289be0dc4cfbfe916bfe65e2b20c4755b123504b97f9db19e76,False,True,[],[],awq-baseline-shard-15-24-20260917-125221-12241,107-baseline-validation-20260917
5,17,359235110,2006356597,6fd8ad771d6691f57d4512a8036552c7b7f13cc92730d96e1fe04cf10f19f622,True,True,[],[],awq-baseline-shard-15-24-20260917-125221-12241,107-baseline-validation-20260917
5,18,133738021,1929182354,bae20d83cc8f5698c74606627590ca7a468ddfcefb40d2b14e88f856ead59dac,True,True,[],[],awq-baseline-shard-15-24-20260917-125221-12241,107-baseline-validation-20260917
5,19,4203872880,1473662895,abdc5421f4dbbe198b856e56c8808bb94de1984fbc206990666daac8c48b94f9,True,True,[],[],awq-baseline-shard-15-24-20260917-125221-12241,107-baseline-validation-20260917
5,20,1213222342,19764613,7a3297ec1b170ec45b15af3de0e9ea7980bc479cc017842d7e5d66b3362b2134,True,True,[],[],awq-baseline-shard-15-24-20260917-125221-12241,107-baseline-validation-20260917
5,21,2794476500,2462779054,87f12a540d751c063931039d6c667170d2175b401711b1dafd44f04a4cce37fb,True,True,[],[],awq-baseline-shard-15-24-20260917-125221-12241,107-baseline-validation-20260917
5,22,3630998236,3667193238,ee8e4157331954c562a92ace1d7af51fb0099876a4eaa5ff8926374864c8164f,False,False,[],[],awq-baseline-shard-15-24-20260917-125221-12241,107-baseline-validation-20260917
5,23,2128370540,1405764916,bbef69f5116f7dfa488cfd39df356f328a5ba440318fcbbaf9e3ae64a27fe76f,True,True,[],[],awq-baseline-shard-15-24-20260917-125221-12241,107-baseline-validation-20260917
5,24,482868109,3350552169,8999f5cec79ff0e9ea8952dd394f2d21a9f8b9f2243f389090d970761ba500ce,True,True,[],[],awq-baseline-shard-15-24-20260917-125221-12241,107-baseline-validation-20260917
5,25,226649746,2757785066,d8d91e52f2e9ca98ebb9fd1b3b7978404fb3bdfad0308e35a45cfa59808e184b,True,True,[],[],awq-baseline-shard-25-26-20260917-132820-22787,107-baseline-validation-20260917
5,26,3415934877,3678964636,641c9a051b6e04f34c64fbdfa8f3a9f26f1a88d2f0bd175c75f9e0065ae40258,True,True,[],[],awq-baseline-shard-25-26-20260917-132820-22787,107-baseline-validation-20260917
5,27,284295501,1819051403,36966af29d69349d848a32aa0591e7740293629fed04712075b4169eadda314c,True,True,[],[],awq-baseline-shard-27-34-20260917-182634-1372,107-baseline-continuation-20260917
5,28,4214488515,3189870832,128214cd1fbbedd86b42babf956c09b574fcd7954fcf00e0b0d3842cfe385d31,True,True,[],[],awq-baseline-shard-27-34-20260917-182634-1372,107-baseline-continuation-20260917
5,29,2037431572,549245072,07d76b98db72ec16f25ac6ae0bb5be5c828d8b744e208014233e5130dcf74133,True,True,[],[],awq-baseline-shard-27-34-20260917-182634-1372,107-baseline-continuation-20260917
5,30,1280506367,2244832943,64154536615a439824870c8cf64e89398b68ef06f23a5fd4a530e65cb8cfb0b0,True,True,[],[],awq-baseline-shard-27-34-20260917-182634-1372,107-baseline-continuation-20260917
5,31,4222566003,3765579486,b35f68c7d99cca813baf26e7221b52e2797fec4bcbcedfcf6ac8951171ccf6f2,True,True,[],[],awq-baseline-shard-27-34-20260917-182634-1372,107-baseline-continuation-20260917
5,32,2515965542,2702913442,ccc7916734b145dde26e79cf75c17eacad1a5dcb831623fac7c9c95100413aba,True,True,[],[],awq-baseline-shard-27-34-20260917-182634-1372,107-baseline-continuation-20260917
5,33,2437665168,1321685256,88307025691a0e638e62ea5ddab825e8cab81602cfb015f7c2a0dec2e5357899,False,True,[],[],awq-baseline-shard-27-34-20260917-182634-1372,107-baseline-continuation-20260917
5,34,2527150742,1013323222,376b74124fdf64c56fe887e1da504a380f66cf19a34a53d8d88d3c3a96a0adc9,True,True,[],[],awq-baseline-shard-27-34-20260917-182634-1372,107-baseline-continuation-20260917
6,5,2986975463,817051687,5a499b730ad51bec1d7a79a787b43dd62eb4c99b34d13f92a74cafebf7b6f9de,True,True,[],[],awq-baseline-shard-05-14-20260917-121652-1344,107-baseline-validation-20260917
6,6,2837676184,3519949638,9fe1e2e5914a33d82379a012d69199ead3e5a7248d4ca37da81786863dbc643d,True,True,[],[],awq-baseline-shard-05-14-20260917-121652-1344,107-baseline-validation-20260917
6,7,2951695608,1179455625,f0dc954a7059fa3185a63ea648be5fa5fac395b27f135e0771adc594f837b49c,True,True,[],[],awq-baseline-shard-05-14-20260917-121652-1344,107-baseline-validation-20260917
6,8,1618128254,3268505317,949373f1f909d26e57ace693cadbd21aa658d89546cf2f4ded0fd3e17a4606ac,True,True,[],[],awq-baseline-shard-05-14-20260917-121652-1344,107-baseline-validation-20260917
6,9,1310436415,1021821383,0ffc5da6f449cc4be5f2d6fbe4ea569c870e80a127d9aef2bced08e1407e4b5f,True,True,[],[],awq-baseline-shard-05-14-20260917-121652-1344,107-baseline-validation-20260917
6,10,90998460,1376862275,eaf7293a6bf87fbf51f658f8b9f3041bb271b943e2b32b84852f939acb653f15,True,True,[],[],awq-baseline-shard-05-14-20260917-121652-1344,107-baseline-validation-20260917
6,11,3224610980,3810235033,086d92098f70b4304ee849a551a8841bc5540af72329890224b8c9d7eb4269aa,True,True,[],[],awq-baseline-shard-05-14-20260917-121652-1344,107-baseline-validation-20260917
6,12,1730676684,2225701122,6d69d364b3ba6a780de6a6b553be102a7076031abb03b27e25d10867efcaa40a,True,True,[],[],awq-baseline-shard-05-14-20260917-121652-1344,107-baseline-validation-20260917
6,13,948762575,1252869262,5b5f5be6756670be320c90d8ddc74a90debb4c433c896028bac1169196d00f26,True,True,[],[],awq-baseline-shard-05-14-20260917-121652-1344,107-baseline-validation-20260917
6,14,3970509889,1420580096,42f14bceb4a4442495e345b5e2cae5a449eaa30105c546c8349a09bbba379d34,True,True,[],[],awq-baseline-shard-05-14-20260917-121652-1344,107-baseline-validation-20260917
6,15,1779348709,1695376014,5ac177ae8b3d5faae0f96018f1a10c896aa28c50cf164f892a63ace956e84d67,True,True,[],[],awq-baseline-shard-15-24-20260917-125221-12241,107-baseline-validation-20260917
6,16,2192902544,387923774,2d63eeddc4973f63b27ea3eedb94aeb27091ca0ffca689f19f33f469304ff547,True,True,[],[],awq-baseline-shard-15-24-20260917-125221-12241,107-baseline-validation-20260917
6,17,140198152,1763420194,cc6c84732e3358311f9cfb008badb2e680c95edae0258090dc72ca95c7ecc6d8,True,True,[],[],awq-baseline-shard-15-24-20260917-125221-12241,107-baseline-validation-20260917
6,18,1004619153,3577260325,cd32e37a9f4452ae643216373cd731097bb26b2de5b4179c598f449dffe7883c,True,True,[],[],awq-baseline-shard-15-24-20260917-125221-12241,107-baseline-validation-20260917
6,19,2594496890,3289218336,83c492e3e060153644099b67cfed0ea3ba076f44b5c1d483cbe93efe90266de7,True,True,[],[],awq-baseline-shard-15-24-20260917-125221-12241,107-baseline-validation-20260917
6,20,4065589618,1008085084,23c3cb4dbeceecf92d8d82905228c346e4b0ce5fad6d11f08a0686fb85522a13,True,True,[],[],awq-baseline-shard-15-24-20260917-125221-12241,107-baseline-validation-20260917
6,21,599463303,3891077391,37374a758b8fe00057b18c282c0e94194cec7b1a2bc416563b17b5bb65f390dc,True,True,[],[],awq-baseline-shard-15-24-20260917-125221-12241,107-baseline-validation-20260917
6,22,4257906431,4264307511,9394427a6abc248436e265d430b257d6d6a812904e6cf5101d21a90694a3f052,True,True,[],[],awq-baseline-shard-15-24-20260917-125221-12241,107-baseline-validation-20260917
6,23,1793467699,2501495080,fea11f92c738a7c7314fd30344e0b8232d2e12c218a1864a26d47c6b81f16dc4,True,True,[],[],awq-baseline-shard-15-24-20260917-125221-12241,107-baseline-validation-20260917
6,24,448094624,458125798,0e049e58bca8daf06ea4d88e13b2c2733c2c4444894717ecba36cfa5d1fa0d12,True,True,[],[],awq-baseline-shard-15-24-20260917-125221-12241,107-baseline-validation-20260917
6,25,4189468127,3805619217,e122617d9fa3be784e0ca60cb2e0a6d375b6a5ea54b59c7535b8d8570c5c97e4,True,True,[],[],awq-baseline-shard-25-26-20260917-132820-22787,107-baseline-validation-20260917
6,26,1297923177,446971834,5dcdcf0d1d2ac2bfafb4f0f83366b5d3d358136a224843d8ec54d3d8d4c84945,True,True,[],[],awq-baseline-shard-25-26-20260917-132820-22787,107-baseline-validation-20260917
6,27,739939217,3399252259,c43a42745192e830675e6248a2e5153319513279add1be7f67a605059e505794,True,True,[],[],awq-baseline-shard-27-34-20260917-182634-1372,107-baseline-continuation-20260917
6,28,3176932502,2892921528,cb9b814a7a6b13be388f54eddef7bf1ad500f6f3c7f40a3340fafe1189865d32,True,True,[],[],awq-baseline-shard-27-34-20260917-182634-1372,107-baseline-continuation-20260917
6,29,1752240316,320515566,11724f9c314c93c6eda96cfa722793277ecc7da9251f709a052035e672d26130,True,True,[],[],awq-baseline-shard-27-34-20260917-182634-1372,107-baseline-continuation-20260917
6,30,555303445,2802192155,c47e7ade03860cb5bf009d563ff70af43d1415fbd3d34b05f770f719b2dc3c9b,True,True,[],[],awq-baseline-shard-27-34-20260917-182634-1372,107-baseline-continuation-20260917
6,31,2037932255,2290986696,6ad396a15dda3ae18c29134e0f4dea11f92a2176292d9826050a957d0028dd74,True,True,[],[],awq-baseline-shard-27-34-20260917-182634-1372,107-baseline-continuation-20260917
6,32,1074734847,57196556,c6bbb7ce6061546e8a21ed6abaced470e118caddbff73f431f2e8992992b8128,True,True,[],[],awq-baseline-shard-27-34-20260917-182634-1372,107-baseline-continuation-20260917
6,33,1096322309,3761132941,5677164d19f6dff7f4bec822888d089225c674da7991296d639f3013ed7cd295,True,True,[],[],awq-baseline-shard-27-34-20260917-182634-1372,107-baseline-continuation-20260917
6,34,2182454536,1427945549,d77fb589b075a79e4988ca368c4b31a1611d129ec282fc2bf03e50dc909a92c3,True,True,[],[],awq-baseline-shard-27-34-20260917-182634-1372,107-baseline-continuation-20260917
7,5,3911580404,2755095330,b887ede88d157e4e55c6c31aa79eec7ea0c950034f6111fd9f619c423469d483,True,True,[],[],awq-baseline-shard-05-14-20260917-121652-1344,107-baseline-validation-20260917
7,6,34433123,1197697093,583801d2f7fa2816c9b5a290cd4e954a88c7b5a43f9bc4c7735ba26633f7997d,True,True,[],[],awq-baseline-shard-05-14-20260917-121652-1344,107-baseline-validation-20260917
7,7,370948222,1111197035,7a2ae9fdc7b6512f45182c6c1eb0605cfc023075e306c0c5909078fe235db309,True,True,[],[],awq-baseline-shard-05-14-20260917-121652-1344,107-baseline-validation-20260917
7,8,2440714535,3113684588,ab1daae4e2f98cfe102420e3659a5e9b27643619d8637f8985b729db38be5b54,True,True,[],[],awq-baseline-shard-05-14-20260917-121652-1344,107-baseline-validation-20260917
7,9,115094259,25912323,546f905e8563676df7f13cf4071337c8e75b41ba50d997ad1732d0d666be50f5,True,True,[],[],awq-baseline-shard-05-14-20260917-121652-1344,107-baseline-validation-20260917
7,10,3723604219,474105403,134b79de0703478113dd0dcff51a78fc95723a65f5bc0ace2fea3a4b429706ce,False,True,[],[],awq-baseline-shard-05-14-20260917-121652-1344,107-baseline-validation-20260917
7,11,2937720409,2739635432,86e1a1699c62958a3e3fe25e7f8a598cd67698b05f68e4c44d5ccfe3a34d2415,True,True,[],[],awq-baseline-shard-05-14-20260917-121652-1344,107-baseline-validation-20260917
7,12,4106591835,48631512,da8243989fd7207ad4188c0b95665984656070c8d5f5c8fe7450de83d3db9467,True,True,[],[],awq-baseline-shard-05-14-20260917-121652-1344,107-baseline-validation-20260917
7,13,3838608503,1578249781,97cdc22f59d8f3ca1195ffe3005c257478fa743b2edc7427950718b01381a7ae,False,True,[],[],awq-baseline-shard-05-14-20260917-121652-1344,107-baseline-validation-20260917
7,14,1939103098,4224321642,ab04f435365a442c36f1fcfaf55412b385fb16192a1abca51fc22276b8f81f71,True,True,[],[],awq-baseline-shard-05-14-20260917-121652-1344,107-baseline-validation-20260917
7,15,2069251692,1607189153,c2d397c97dff15be672ebc121b0bf6a49522c58cc15164b688b81dcf1f53486c,True,True,[],[],awq-baseline-shard-15-24-20260917-125221-12241,107-baseline-validation-20260917
7,16,2424370288,2378730282,7ca0656515f25ac924542e0f9fdc1de90bd8f52c93368dde245b0d8d902b7b1f,True,True,[],[],awq-baseline-shard-15-24-20260917-125221-12241,107-baseline-validation-20260917
7,17,2396518492,2617456485,dfefa2e8fbfa660e7ad3f9fe8abfc5f0334de73d23101a02f4832a3e88b399f7,True,True,[],[],awq-baseline-shard-15-24-20260917-125221-12241,107-baseline-validation-20260917
7,18,2696294697,3907992634,a8adffa84c6ca0334dbd7c5f04255f37049725d84d1fff85bffd76f24e22a98c,True,False,[],[],awq-baseline-shard-15-24-20260917-125221-12241,107-baseline-validation-20260917
7,19,908971156,312003604,33513be059126ac134cdc4bc4e77077909122fc4e90b908bf8e9f3a149568415,True,True,[],[],awq-baseline-shard-15-24-20260917-125221-12241,107-baseline-validation-20260917
7,20,2322073522,3181967237,5d4ab17c105939d8824d816e38358ac58c80cf8a6ba520dca725e9597fb18007,True,True,[],[],awq-baseline-shard-15-24-20260917-125221-12241,107-baseline-validation-20260917
7,21,3109435903,746991484,5c480ba571a4ea4d1d62571f012b7745817d0533c86b2c1ebbbec5c2cd6e5a64,True,True,[],[],awq-baseline-shard-15-24-20260917-125221-12241,107-baseline-validation-20260917
7,22,2949563981,2510933965,82319d1154573849ec780b17a58b14939b058ae16c67beb9957ed1dd2ffd68cb,True,True,[],[],awq-baseline-shard-15-24-20260917-125221-12241,107-baseline-validation-20260917
7,23,3430609134,2237519504,384d1fd61d5ee71104cc9fa2327517a8233032c023e67954c500d8089be44c8a,True,False,[],[],awq-baseline-shard-15-24-20260917-125221-12241,107-baseline-validation-20260917
7,24,1667478000,3330374006,b95bcc7b8869d8343e98e4533444d7378e1d87db67549954b12449ea0e870a30,True,True,[],[],awq-baseline-shard-15-24-20260917-125221-12241,107-baseline-validation-20260917
7,25,2414791188,3707428174,2b579b50672d9baf9acae29e1feddfd03c89f2cb03bfe5d84a8bb0014f423fa1,True,True,[],[],awq-baseline-shard-25-26-20260917-132820-22787,107-baseline-validation-20260917
7,26,3579546510,1014649986,82f71abf47a98c811d74a2f6ff617160ba85662961fdec814deb3ef3669a8978,True,True,[],[],awq-baseline-shard-25-26-20260917-132820-22787,107-baseline-validation-20260917
7,27,2959701623,1240769194,ee2fa18b5fe2e029b1fa00443b40969b849c6332d740ea4db06dfb3d015f0c54,False,True,[],[],awq-baseline-shard-27-34-20260917-182634-1372,107-baseline-continuation-20260917
7,28,3679169043,2536219672,66f8759612ad75f50c11bf7d7f60f9b9b36959665aa1ca761c678a755bd3b8bc,True,True,[],[],awq-baseline-shard-27-34-20260917-182634-1372,107-baseline-continuation-20260917
7,29,2230086718,3283161463,5737e0e0049de05b3e65796bd74c4a12d3778341f4186ba5bd307675e61d0ad2,False,True,[],[],awq-baseline-shard-27-34-20260917-182634-1372,107-baseline-continuation-20260917
7,30,702203286,1069137249,cb1e0ed994fc5215b4deeb46c498597a5b0f09f2d4a8091bc8ddc616260e398b,True,True,[],[],awq-baseline-shard-27-34-20260917-182634-1372,107-baseline-continuation-20260917
7,31,1214176192,1465182765,05312e1d2a8dd073d6660d60daee7be86b40a4bb5c3af0db76f95818420ab827,True,True,[],[],awq-baseline-shard-27-34-20260917-182634-1372,107-baseline-continuation-20260917
7,32,3342811240,1718757011,282efe30f2a0cdc80c4b697aa6991155e489aced3c4e14a4e6dcc875fafba610,True,True,[],[],awq-baseline-shard-27-34-20260917-182634-1372,107-baseline-continuation-20260917
7,33,3779348431,2716226899,925a077ab488c5c4b235e137d519bdaceef419970082094947d834d4c9031e02,True,True,[],[],awq-baseline-shard-27-34-20260917-182634-1372,107-baseline-continuation-20260917
7,34,2543448603,337339622,c33b45a5c854cd93c78a0b0072fab82040f099649fa1a8560c7a062d12075556,True,True,[],[],awq-baseline-shard-27-34-20260917-182634-1372,107-baseline-continuation-20260917
8,5,1579726468,1238714754,6b4f91c1a15155e7f0a6ce3085bea10bef88c0cb5fa46526cf7115c56ca930e4,True,True,[],[],awq-baseline-shard-05-14-20260917-121652-1344,107-baseline-validation-20260917
8,6,3920860468,311933947,e6c8b330e200dfac047d69461946edfa16c7526af280af94e5f035ca3f04a88e,True,True,[],[],awq-baseline-shard-05-14-20260917-121652-1344,107-baseline-validation-20260917
8,7,1872252116,1895236238,b0c0e39e2152058d077abf5025369e5183dc4b393291a638d59a529c54de2a63,True,True,[],[],awq-baseline-shard-05-14-20260917-121652-1344,107-baseline-validation-20260917
8,8,3022301049,125097745,5cdf91438b981a12625fd10436771752a3d3a34bc99b3865800876064d71f6ac,True,True,[],[],awq-baseline-shard-05-14-20260917-121652-1344,107-baseline-validation-20260917
8,9,2590999359,1723525530,caf2ae97e43664e04a6534a50c176db42a116e6ccc6c963a6646f725ac07545e,True,True,[],[],awq-baseline-shard-05-14-20260917-121652-1344,107-baseline-validation-20260917
8,10,3256588049,3333673379,e6f05a53e5845b0332df031c9505cd9fbe0ab7eb64c29fb9da4952f28044148c,True,True,[],[],awq-baseline-shard-05-14-20260917-121652-1344,107-baseline-validation-20260917
8,11,2671992869,1254250806,a4bd8a6e1ff1837fb1e9464878301e0bb49cc600be2e261e5a749dcd572bb4aa,True,True,[],[],awq-baseline-shard-05-14-20260917-121652-1344,107-baseline-validation-20260917
8,12,3777975822,1834286833,22d3ac1a1c779c4a9f8249421bbe58f887c47cb7f7dd8302409066bf3074f628,True,True,[],[],awq-baseline-shard-05-14-20260917-121652-1344,107-baseline-validation-20260917
8,13,1911258691,593177407,2398199a160896a8388fc8bf236829b9b45f4b05af5c9fc4b30d1fcdbfc46b20,True,True,[],[],awq-baseline-shard-05-14-20260917-121652-1344,107-baseline-validation-20260917
8,14,3778379061,3327769094,249d796cf13fea915ea0930c2cb94f5a4cccc0341be5758ea6cc64bf136936a0,True,True,[],[],awq-baseline-shard-05-14-20260917-121652-1344,107-baseline-validation-20260917
8,15,2738183301,3838899006,837065b5d5e92195cc5f9e7b89da3cca12228766cc72f5fcff69ffbcdfd30be4,True,False,[],[],awq-baseline-shard-15-24-20260917-125221-12241,107-baseline-validation-20260917
8,16,2432764985,2538210076,ba007128ac93f07dae4d1bd9c147dfe1b2793a7b934adee4666212617eccb8ff,True,True,[],[],awq-baseline-shard-15-24-20260917-125221-12241,107-baseline-validation-20260917
8,17,903631136,3789555858,be6fbfec818b29b08a928dcc4b6be90ad5a7f2d829cd41071924230c8331a735,True,True,[],[],awq-baseline-shard-15-24-20260917-125221-12241,107-baseline-validation-20260917
8,18,1210240488,1768762109,21e9a30cf8e0eb3cf2c39deaf2f67ab160c505d26a8a7517d7ec659243f1d114,True,True,[],[],awq-baseline-shard-15-24-20260917-125221-12241,107-baseline-validation-20260917
8,19,1420650844,3907673016,d391e42a6d2629a0c03aac61e103e668843920f864dfda9e010698f465ae1805,True,True,[],[],awq-baseline-shard-15-24-20260917-125221-12241,107-baseline-validation-20260917
8,20,1460665727,405074211,47b148cb2752229f0a1533d2d00af3c37e856e444cc1bd9a05d77f221f8108a8,True,True,[],[],awq-baseline-shard-15-24-20260917-125221-12241,107-baseline-validation-20260917
8,21,470801494,4141177550,d81096691fa3b69dbf5ccce36661289db9e3fdc77ba1471ea82f89751742d023,True,True,[],[],awq-baseline-shard-15-24-20260917-125221-12241,107-baseline-validation-20260917
8,22,906307654,171163916,e876b55c1fd564acbd8aa5d9753b2ac4f2cb77a222ee0d2ee3b4c4a51c8e6201,True,True,[],[],awq-baseline-shard-15-24-20260917-125221-12241,107-baseline-validation-20260917
8,23,524255958,3310446970,d9a409c02879424306d08896d9cfc5df4446d437190667c3bffa6f6a633e6bae,True,True,[],[],awq-baseline-shard-15-24-20260917-125221-12241,107-baseline-validation-20260917
8,24,273502852,136373062,5a3616236ad0838dca6ccf0ef19727712c1876e7c16e1030856b6dc6b3bf59c0,True,True,[],[],awq-baseline-shard-15-24-20260917-125221-12241,107-baseline-validation-20260917
8,25,4048776773,1945104008,fe096098d6a030e74debaf2a903dfe806764de660d92272e2bd348ee80abc88c,True,True,[],[],awq-baseline-shard-25-26-20260917-132820-22787,107-baseline-validation-20260917
8,26,3892409617,2979842046,141a55577c8e4d8997fafc634b9ed086c60729a2de6ec8099b1788c58f391e9b,True,True,[],[],awq-baseline-shard-25-26-20260917-132820-22787,107-baseline-validation-20260917
8,27,2498498988,35336634,5cdd063f39f2b0a3641ac13fe7b9181345357a38fede67d9bf84cd452d2ac4d9,True,True,[],[],awq-baseline-shard-27-34-20260917-182634-1372,107-baseline-continuation-20260917
8,28,339821326,225942135,b195c46e607629663606165e5878fa2945831f991267c2c2bfd67ca02490e3bc,True,True,[],[],awq-baseline-shard-27-34-20260917-182634-1372,107-baseline-continuation-20260917
8,29,1457373977,1350493848,05b63859ca7284a002ebbd606266d68c1108336c531b270007f3f6f863e93c0c,True,True,[],[],awq-baseline-shard-27-34-20260917-182634-1372,107-baseline-continuation-20260917
8,30,2661172173,832645811,69f3c2ff71929c95b05c8a0b1c34f160ee4658e562d2efc70380f468cb4ee73e,True,True,[],[],awq-baseline-shard-27-34-20260917-182634-1372,107-baseline-continuation-20260917
8,31,1046144879,2824990749,6c1626b5e168565c0f5d999e66e5fae66c8a2ded61c17031e6b49fa63f47c1c9,True,True,[],[],awq-baseline-shard-27-34-20260917-182634-1372,107-baseline-continuation-20260917
8,32,1812310846,3882477947,834df855735fd4eaa87c11c8f5899f9dfc795a74bcefc8f6c1bb1411a05fa8c9,True,True,[],[],awq-baseline-shard-27-34-20260917-182634-1372,107-baseline-continuation-20260917
8,33,1688937136,2568509942,6a2b2180b68de784a078cef544e82ce974744d1b54867a918e8b06e5777d1829,True,True,[],[],awq-baseline-shard-27-34-20260917-182634-1372,107-baseline-continuation-20260917
8,34,979892435,1191567904,0c3e9ed985b376b83b939b8b84d73a9ca8de8090e325bc44204bb11cccb99ba3,True,True,[],[],awq-baseline-shard-27-34-20260917-182634-1372,107-baseline-continuation-20260917
9,5,3542413795,3119629661,3696f68817ba2c2ce9da0453042f1ba257245c07b7a4a814be58e0903b20efcf,True,True,[],[],awq-baseline-shard-05-14-20260917-121652-1344,107-baseline-validation-20260917
9,6,2956024805,1550231648,54598c38c111468114f1ba90bd651ea406747053136212c6e48a29dcecc1d89d,True,True,[],[],awq-baseline-shard-05-14-20260917-121652-1344,107-baseline-validation-20260917
9,7,4195687758,1076517777,f4e929cfbc734ce820906169165ff4cd18d641e944a183f686943303751b9fd6,True,True,[],[],awq-baseline-shard-05-14-20260917-121652-1344,107-baseline-validation-20260917
9,8,2395291537,1161406313,b1ed9a6a0930dfb10e2a1e103608cb68bae0f2bff2cf89ed283a6ebe00c28f96,True,True,[],[],awq-baseline-shard-05-14-20260917-121652-1344,107-baseline-validation-20260917
9,9,2955358067,2676125635,1798c4b6a1487a8d4cbe773e8c4ac1be5ac48439f0c3df53adc5cf84f757cc1f,True,True,[],[],awq-baseline-shard-05-14-20260917-121652-1344,107-baseline-validation-20260917
9,10,2728615080,3929609263,40079500b684bdfbb3f25d84d83bfe317f80795775b599d07f1cc36aea830616,True,True,[],[],awq-baseline-shard-05-14-20260917-121652-1344,107-baseline-validation-20260917
9,11,3640358633,2915452792,f65cf8d853b7dde7059cf39b95312ddcb8a7348644a4ab69349cc52091c8cf08,True,True,[],[],awq-baseline-shard-05-14-20260917-121652-1344,107-baseline-validation-20260917
9,12,2036743087,2831503876,13ce745b9607f6b8d98864b6ac40c2d526fd7ddd64cd912a00dfacc4214b28b0,True,True,[],[],awq-baseline-shard-05-14-20260917-121652-1344,107-baseline-validation-20260917
9,13,3537217315,719444467,ed9093014c75f523152e1e046dce0f928a134b4a56288ebd3979ac38e1034bca,False,True,[],[],awq-baseline-shard-05-14-20260917-121652-1344,107-baseline-validation-20260917
9,14,1216034687,3107928531,ea57df2d58f867c189b2f0bd2b5eac2e2402ada4f3082dd0233f33d5109c23dc,True,True,[],[],awq-baseline-shard-05-14-20260917-121652-1344,107-baseline-validation-20260917
9,15,3747118274,3779558617,e5466b756c5f5583d1efe6408171fabdb6d57c076492841aaed2cf862bcb2086,True,True,[],[],awq-baseline-shard-15-24-20260917-125221-12241,107-baseline-validation-20260917
9,16,3717612147,3307202243,76e2ded6c389300a73bb7cf4306348a5ccb531ed7730f54c7fef7cb704955eca,True,True,[],[],awq-baseline-shard-15-24-20260917-125221-12241,107-baseline-validation-20260917
9,17,1171711006,2626669344,f6f3204e80922a4262c002a95fe878d8af31ae89305568ebdc0ab750f6ddaa50,True,True,[],[],awq-baseline-shard-15-24-20260917-125221-12241,107-baseline-validation-20260917
9,18,1553610868,1569100945,0c9b215520647ce1a2fb63052acb60707a3f3a9325d0e6a6c90015e9248e180c,True,True,[],[],awq-baseline-shard-15-24-20260917-125221-12241,107-baseline-validation-20260917
9,19,3079865435,2304298750,f794efb4eb6e80746d815c6544cdfd24ec8dcf58c45780ffee26adab7532c50b,True,True,[],[],awq-baseline-shard-15-24-20260917-125221-12241,107-baseline-validation-20260917
9,20,2435183153,1813912078,25ac47d9a340464d54f544a9049de58edef2020ce168053c1f839275aa8305c0,True,True,[],[],awq-baseline-shard-15-24-20260917-125221-12241,107-baseline-validation-20260917
9,21,2848406996,372355126,460f4016e92ad4bb831bbdb3ed58a2cd57f80006390d07a9130b9ce9ec484490,True,True,[],[],awq-baseline-shard-15-24-20260917-125221-12241,107-baseline-validation-20260917
9,22,2247227004,3180995936,20984208ef7319c8e406639c4b99b3c207db600882ca52f02a31a0bfb14e87db,True,True,[],[],awq-baseline-shard-15-24-20260917-125221-12241,107-baseline-validation-20260917
9,23,1268263828,1627128681,bd4a3d61ac174006d7b661eaff87c117416a8f362dc2db692e645cb62c5a8bd6,True,True,[],[],awq-baseline-shard-15-24-20260917-125221-12241,107-baseline-validation-20260917
9,24,2125966794,149638191,a17f8d750e4c1b53e6793d067837fbd8d8572628f04e50deb307ee9aa15d8c71,True,True,[],[],awq-baseline-shard-15-24-20260917-125221-12241,107-baseline-validation-20260917
9,25,2798581617,3523081259,5812abe2c5d424cde29a54cf19f1e651a7213816428783d6a037aebe84da0eaf,True,True,[],[],awq-baseline-shard-25-26-20260917-132820-22787,107-baseline-validation-20260917
9,26,1230389013,1981239187,0fb1686974bd5aed359c6cd0ac65066c384881431f9d156b1bb63fd80d4f8551,True,True,[],[],awq-baseline-shard-25-26-20260917-132820-22787,107-baseline-validation-20260917
9,27,2161745626,2546779847,c357e9dbdc7c0f9debda428f808cb4c0a4d587eabc5afb3f49d5cb7e0b60d044,True,True,[],[],awq-baseline-shard-27-34-20260917-182634-1372,107-baseline-continuation-20260917
9,28,393126214,480507038,74ed16befad96e7807b7467c9d4b327c35b72a70e7ceeff2e83a7f1096b0ff09,True,True,[],[],awq-baseline-shard-27-34-20260917-182634-1372,107-baseline-continuation-20260917
9,29,1568937167,2281636085,aedb0a9ed60362ed678799a1d541ff0656fa2d643deab83750810344d0039aaf,True,True,[],[],awq-baseline-shard-27-34-20260917-182634-1372,107-baseline-continuation-20260917
9,30,3958497019,3219327983,b355b821bd2820810eaefbcd9be254a4673e6bd73904d716e05c635e4675614c,True,True,[],[],awq-baseline-shard-27-34-20260917-182634-1372,107-baseline-continuation-20260917
9,31,3759713427,1175233681,64496d1b371573196c4ff47fe9511594f26be263c9bb9a1de435f3fcd67419c2,True,True,[],[],awq-baseline-shard-27-34-20260917-182634-1372,107-baseline-continuation-20260917
9,32,136419749,1586970223,b9c27568a6cda670f94c9baafe8edc96c57eb95a72fabd80919f6303e5bd9c37,True,True,[],[],awq-baseline-shard-27-34-20260917-182634-1372,107-baseline-continuation-20260917
9,33,3121327144,206231557,f983471e8db60ffd0669f4f86089ee5cf4bf24287d471b6a9c7f05da81477d1f,True,False,[],[],awq-baseline-shard-27-34-20260917-182634-1372,107-baseline-continuation-20260917
9,34,1550284034,3497825711,ece4fbd9a0f3d3b302617ca973866bf91f065b04eed243b655337230b84e6033,True,True,[],[],awq-baseline-shard-27-34-20260917-182634-1372,107-baseline-continuation-20260917
