case,module,rank,adapter_parameters,residual_frobenius_unexplained_fraction,input_diagonal_unexplained_fraction,response_unexplained_fraction,init,seed
Response SVD rank8,language_model.model.layers.8.self_attn.q_proj,8,65536,0.9933586716651917,0.9933586716651917,0.11487680673599243,randomized_svd_calibration_response_not_training,600723156
Response SVD rank8,language_model.model.layers.8.self_attn.k_proj,8,65536,0.9923505783081055,0.9923505783081055,0.11125035583972931,randomized_svd_calibration_response_not_training,671879264
Response SVD rank8,language_model.model.layers.8.self_attn.v_proj,8,65536,0.995798647403717,0.995798647403717,0.1269461214542389,randomized_svd_calibration_response_not_training,677178197
Response SVD rank8,language_model.model.layers.8.self_attn.o_proj,8,65536,0.9929819703102112,0.9929819703102112,0.08772553503513336,randomized_svd_calibration_response_not_training,2582803191
Response SVD rank8,language_model.model.layers.8.mlp.gate_proj,8,120832,0.9972661137580872,0.9972661137580872,0.13152748346328735,randomized_svd_calibration_response_not_training,3169292685
Response SVD rank8,language_model.model.layers.8.mlp.up_proj,8,120832,0.9973030090332031,0.9973030090332031,0.13052073121070862,randomized_svd_calibration_response_not_training,1875256024
Response SVD rank8,language_model.model.layers.8.mlp.down_proj,8,120832,0.9968897104263306,0.9968897104263306,0.18893185257911682,randomized_svd_calibration_response_not_training,1008555339
Response SVD rank8,language_model.model.layers.9.self_attn.q_proj,8,65536,0.9939005970954895,0.9939005970954895,0.11449994146823883,randomized_svd_calibration_response_not_training,723516639
Response SVD rank8,language_model.model.layers.9.self_attn.k_proj,8,65536,0.9942842721939087,0.9942842721939087,0.11572066694498062,randomized_svd_calibration_response_not_training,1014038165
Response SVD rank8,language_model.model.layers.9.self_attn.v_proj,8,65536,0.995778501033783,0.995778501033783,0.1278352588415146,randomized_svd_calibration_response_not_training,1837934926
Response SVD rank8,language_model.model.layers.9.self_attn.o_proj,8,65536,0.9948266744613647,0.9948266744613647,0.10505122691392899,randomized_svd_calibration_response_not_training,1079540553
Response SVD rank8,language_model.model.layers.9.mlp.gate_proj,8,120832,0.9972456097602844,0.9972456097602844,0.14285270869731903,randomized_svd_calibration_response_not_training,2085728913
Response SVD rank8,language_model.model.layers.9.mlp.up_proj,8,120832,0.9973146319389343,0.9973146319389343,0.14390484988689423,randomized_svd_calibration_response_not_training,2858620383
Response SVD rank8,language_model.model.layers.9.mlp.down_proj,8,120832,0.9971218109130859,0.9971218109130859,0.20506125688552856,randomized_svd_calibration_response_not_training,497099024
Response SVD rank8,language_model.model.layers.10.self_attn.q_proj,8,65536,0.994166910648346,0.994166910648346,0.12734656035900116,randomized_svd_calibration_response_not_training,1121720186
Response SVD rank8,language_model.model.layers.10.self_attn.k_proj,8,65536,0.9934337139129639,0.9934337139129639,0.12657932937145233,randomized_svd_calibration_response_not_training,937201807
Response SVD rank8,language_model.model.layers.10.self_attn.v_proj,8,65536,0.995735764503479,0.995735764503479,0.1443517804145813,randomized_svd_calibration_response_not_training,494252961
Response SVD rank8,language_model.model.layers.10.self_attn.o_proj,8,65536,0.9947408437728882,0.9947408437728882,0.08506832271814346,randomized_svd_calibration_response_not_training,3962445394
Response SVD rank8,language_model.model.layers.10.mlp.gate_proj,8,120832,0.9972251057624817,0.9972251057624817,0.15216165781021118,randomized_svd_calibration_response_not_training,940728214
Response SVD rank8,language_model.model.layers.10.mlp.up_proj,8,120832,0.9972809553146362,0.9972809553146362,0.15070109069347382,randomized_svd_calibration_response_not_training,1207943692
Response SVD rank8,language_model.model.layers.10.mlp.down_proj,8,120832,0.9970324039459229,0.9970324039459229,0.23575520515441895,randomized_svd_calibration_response_not_training,265212419
Response SVD rank8,language_model.model.layers.11.self_attn.q_proj,8,65536,0.9935243129730225,0.9935243129730225,0.15036264061927795,randomized_svd_calibration_response_not_training,458641026
Response SVD rank8,language_model.model.layers.11.self_attn.k_proj,8,65536,0.993437647819519,0.993437647819519,0.1490081250667572,randomized_svd_calibration_response_not_training,643301330
Response SVD rank8,language_model.model.layers.11.self_attn.v_proj,8,65536,0.9957481026649475,0.9957481026649475,0.16002309322357178,randomized_svd_calibration_response_not_training,347278368
Response SVD rank8,language_model.model.layers.11.self_attn.o_proj,8,65536,0.9951618313789368,0.9951618313789368,0.09535648673772812,randomized_svd_calibration_response_not_training,4213575788
Response SVD rank8,language_model.model.layers.11.mlp.gate_proj,8,120832,0.9972354769706726,0.9972354769706726,0.16688145697116852,randomized_svd_calibration_response_not_training,2608876363
Response SVD rank8,language_model.model.layers.11.mlp.up_proj,8,120832,0.9973098039627075,0.9973098039627075,0.16607101261615753,randomized_svd_calibration_response_not_training,1199410820
Response SVD rank8,language_model.model.layers.11.mlp.down_proj,8,120832,0.9970116019248962,0.9970116019248962,0.2548958957195282,randomized_svd_calibration_response_not_training,991628021
Response SVD rank8,language_model.model.layers.12.self_attn.q_proj,8,65536,0.9955430030822754,0.9955430030822754,0.13100960850715637,randomized_svd_calibration_response_not_training,4146962506
Response SVD rank8,language_model.model.layers.12.self_attn.k_proj,8,65536,0.9954683780670166,0.9954683780670166,0.1230086162686348,randomized_svd_calibration_response_not_training,3939585750
Response SVD rank8,language_model.model.layers.12.self_attn.v_proj,8,65536,0.9957558512687683,0.9957558512687683,0.15627428889274597,randomized_svd_calibration_response_not_training,146617459
Response SVD rank8,language_model.model.layers.12.self_attn.o_proj,8,65536,0.9953455924987793,0.9953455924987793,0.09284717589616776,randomized_svd_calibration_response_not_training,2262745759
Response SVD rank8,language_model.model.layers.12.mlp.gate_proj,8,120832,0.9972404837608337,0.9972404837608337,0.1795899122953415,randomized_svd_calibration_response_not_training,1908392608
Response SVD rank8,language_model.model.layers.12.mlp.up_proj,8,120832,0.9973070621490479,0.9973070621490479,0.1804986298084259,randomized_svd_calibration_response_not_training,1997787133
Response SVD rank8,language_model.model.layers.12.mlp.down_proj,8,120832,0.9971891045570374,0.9971891045570374,0.2820015549659729,randomized_svd_calibration_response_not_training,1820965824
Response SVD rank8,language_model.model.layers.13.self_attn.q_proj,8,65536,0.9956108927726746,0.9956108927726746,0.1416197419166565,randomized_svd_calibration_response_not_training,3167913662
Response SVD rank8,language_model.model.layers.13.self_attn.k_proj,8,65536,0.9954518675804138,0.9954518675804138,0.13354498147964478,randomized_svd_calibration_response_not_training,4099174251
Response SVD rank8,language_model.model.layers.13.self_attn.v_proj,8,65536,0.9957711696624756,0.9957711696624756,0.16431881487369537,randomized_svd_calibration_response_not_training,2255123938
Response SVD rank8,language_model.model.layers.13.self_attn.o_proj,8,65536,0.9954816102981567,0.9954816102981567,0.1107899472117424,randomized_svd_calibration_response_not_training,10823171
Response SVD rank8,language_model.model.layers.13.mlp.gate_proj,8,120832,0.9972437620162964,0.9972437620162964,0.1823194921016693,randomized_svd_calibration_response_not_training,2054865174
Response SVD rank8,language_model.model.layers.13.mlp.up_proj,8,120832,0.9973029494285583,0.9973029494285583,0.18404488265514374,randomized_svd_calibration_response_not_training,3150206221
Response SVD rank8,language_model.model.layers.13.mlp.down_proj,8,120832,0.9972743988037109,0.9972743988037109,0.29048195481300354,randomized_svd_calibration_response_not_training,4294824990
Response SVD rank8,language_model.model.layers.14.self_attn.q_proj,8,65536,0.9956144690513611,0.9956144690513611,0.1504231095314026,randomized_svd_calibration_response_not_training,3583579581
Response SVD rank8,language_model.model.layers.14.self_attn.k_proj,8,65536,0.9955139756202698,0.9955139756202698,0.1476140320301056,randomized_svd_calibration_response_not_training,3343755845
Response SVD rank8,language_model.model.layers.14.self_attn.v_proj,8,65536,0.9957265257835388,0.9957265257835388,0.16890202462673187,randomized_svd_calibration_response_not_training,2200128052
Response SVD rank8,language_model.model.layers.14.self_attn.o_proj,8,65536,0.99517422914505,0.99517422914505,0.10680198669433594,randomized_svd_calibration_response_not_training,2082182665
Response SVD rank8,language_model.model.layers.14.mlp.gate_proj,8,120832,0.9972551465034485,0.9972551465034485,0.18520571291446686,randomized_svd_calibration_response_not_training,3976929414
Response SVD rank8,language_model.model.layers.14.mlp.up_proj,8,120832,0.9972956776618958,0.9972956776618958,0.18300682306289673,randomized_svd_calibration_response_not_training,3555579885
Response SVD rank8,language_model.model.layers.14.mlp.down_proj,8,120832,0.9972550272941589,0.9972550272941589,0.27437642216682434,randomized_svd_calibration_response_not_training,2461029770
Response SVD rank8,language_model.model.layers.15.self_attn.q_proj,8,65536,0.9954124689102173,0.9954124689102173,0.16308799386024475,randomized_svd_calibration_response_not_training,2611537525
Response SVD rank8,language_model.model.layers.15.self_attn.k_proj,8,65536,0.9953005313873291,0.9953005313873291,0.15618592500686646,randomized_svd_calibration_response_not_training,3953350456
Response SVD rank8,language_model.model.layers.15.self_attn.v_proj,8,65536,0.9956989884376526,0.9956989884376526,0.17998528480529785,randomized_svd_calibration_response_not_training,2029862078
Response SVD rank8,language_model.model.layers.15.self_attn.o_proj,8,65536,0.9948331713676453,0.9948331713676453,0.13434946537017822,randomized_svd_calibration_response_not_training,2606596704
Response SVD rank8,language_model.model.layers.15.mlp.gate_proj,8,120832,0.9972526431083679,0.9972526431083679,0.18983271718025208,randomized_svd_calibration_response_not_training,3918625355
Response SVD rank8,language_model.model.layers.15.mlp.up_proj,8,120832,0.997310221195221,0.997310221195221,0.1902216672897339,randomized_svd_calibration_response_not_training,821091832
Response SVD rank8,language_model.model.layers.15.mlp.down_proj,8,120832,0.9972411394119263,0.9972411394119263,0.2850176990032196,randomized_svd_calibration_response_not_training,2006100975
Response SVD rank16,language_model.model.layers.8.self_attn.q_proj,16,131072,0.9881219267845154,0.9881219267845154,0.03509676456451416,randomized_svd_calibration_response_not_training,600723156
Response SVD rank16,language_model.model.layers.8.self_attn.k_proj,16,131072,0.9873645901679993,0.9873645901679993,0.034309305250644684,randomized_svd_calibration_response_not_training,671879264
Response SVD rank16,language_model.model.layers.8.self_attn.v_proj,16,131072,0.9915969967842102,0.9915969967842102,0.03867635875940323,randomized_svd_calibration_response_not_training,677178197
Response SVD rank16,language_model.model.layers.8.self_attn.o_proj,16,131072,0.9879276156425476,0.9879276156425476,0.019603081047534943,randomized_svd_calibration_response_not_training,2582803191
Response SVD rank16,language_model.model.layers.8.mlp.gate_proj,16,241664,0.9945572018623352,0.9945572018623352,0.039334215223789215,randomized_svd_calibration_response_not_training,3169292685
Response SVD rank16,language_model.model.layers.8.mlp.up_proj,16,241664,0.9945936799049377,0.9945936799049377,0.03875104710459709,randomized_svd_calibration_response_not_training,1875256024
Response SVD rank16,language_model.model.layers.8.mlp.down_proj,16,241664,0.9941510558128357,0.9941510558128357,0.06537090241909027,randomized_svd_calibration_response_not_training,1008555339
Response SVD rank16,language_model.model.layers.9.self_attn.q_proj,16,131072,0.9893844127655029,0.9893844127655029,0.034607626497745514,randomized_svd_calibration_response_not_training,723516639
Response SVD rank16,language_model.model.layers.9.self_attn.k_proj,16,131072,0.9893662333488464,0.9893662333488464,0.034767381846904755,randomized_svd_calibration_response_not_training,1014038165
Response SVD rank16,language_model.model.layers.9.self_attn.v_proj,16,131072,0.9916147589683533,0.9916147589683533,0.038442060351371765,randomized_svd_calibration_response_not_training,1837934926
Response SVD rank16,language_model.model.layers.9.self_attn.o_proj,16,131072,0.9900153875350952,0.9900153875350952,0.028117133304476738,randomized_svd_calibration_response_not_training,1079540553
Response SVD rank16,language_model.model.layers.9.mlp.gate_proj,16,241664,0.994514524936676,0.994514524936676,0.04344937577843666,randomized_svd_calibration_response_not_training,2085728913
Response SVD rank16,language_model.model.layers.9.mlp.up_proj,16,241664,0.9946072697639465,0.9946072697639465,0.04353121295571327,randomized_svd_calibration_response_not_training,2858620383
Response SVD rank16,language_model.model.layers.9.mlp.down_proj,16,241664,0.9943062663078308,0.9943062663078308,0.073183573782444,randomized_svd_calibration_response_not_training,497099024
Response SVD rank16,language_model.model.layers.10.self_attn.q_proj,16,131072,0.9893751740455627,0.9893751740455627,0.039388880133628845,randomized_svd_calibration_response_not_training,1121720186
Response SVD rank16,language_model.model.layers.10.self_attn.k_proj,16,131072,0.9883026480674744,0.9883026480674744,0.03876460716128349,randomized_svd_calibration_response_not_training,937201807
Response SVD rank16,language_model.model.layers.10.self_attn.v_proj,16,131072,0.9914597272872925,0.9914597272872925,0.04396689310669899,randomized_svd_calibration_response_not_training,494252961
Response SVD rank16,language_model.model.layers.10.self_attn.o_proj,16,131072,0.9898365139961243,0.9898365139961243,0.020757712423801422,randomized_svd_calibration_response_not_training,3962445394
Response SVD rank16,language_model.model.layers.10.mlp.gate_proj,16,241664,0.9944585561752319,0.9944585561752319,0.04501389339566231,randomized_svd_calibration_response_not_training,940728214
Response SVD rank16,language_model.model.layers.10.mlp.up_proj,16,241664,0.9946023225784302,0.9946023225784302,0.04479294642806053,randomized_svd_calibration_response_not_training,1207943692
Response SVD rank16,language_model.model.layers.10.mlp.down_proj,16,241664,0.9942712783813477,0.9942712783813477,0.07997523993253708,randomized_svd_calibration_response_not_training,265212419
Response SVD rank16,language_model.model.layers.11.self_attn.q_proj,16,131072,0.9877539277076721,0.9877539277076721,0.044661905616521835,randomized_svd_calibration_response_not_training,458641026
Response SVD rank16,language_model.model.layers.11.self_attn.k_proj,16,131072,0.9880760908126831,0.9880760908126831,0.04463385045528412,randomized_svd_calibration_response_not_training,643301330
Response SVD rank16,language_model.model.layers.11.self_attn.v_proj,16,131072,0.9914839267730713,0.9914839267730713,0.04816395044326782,randomized_svd_calibration_response_not_training,347278368
Response SVD rank16,language_model.model.layers.11.self_attn.o_proj,16,131072,0.9906026124954224,0.9906026124954224,0.02626112289726734,randomized_svd_calibration_response_not_training,4213575788
Response SVD rank16,language_model.model.layers.11.mlp.gate_proj,16,241664,0.9944765567779541,0.9944765567779541,0.04711708799004555,randomized_svd_calibration_response_not_training,2608876363
Response SVD rank16,language_model.model.layers.11.mlp.up_proj,16,241664,0.9946238994598389,0.9946238994598389,0.04702659323811531,randomized_svd_calibration_response_not_training,1199410820
Response SVD rank16,language_model.model.layers.11.mlp.down_proj,16,241664,0.9942219853401184,0.9942219853401184,0.0824648067355156,randomized_svd_calibration_response_not_training,991628021
Response SVD rank16,language_model.model.layers.12.self_attn.q_proj,16,131072,0.991157591342926,0.991157591342926,0.0373510904610157,randomized_svd_calibration_response_not_training,4146962506
Response SVD rank16,language_model.model.layers.12.self_attn.k_proj,16,131072,0.9910869598388672,0.9910869598388672,0.035356346517801285,randomized_svd_calibration_response_not_training,3939585750
Response SVD rank16,language_model.model.layers.12.self_attn.v_proj,16,131072,0.9914491176605225,0.9914491176605225,0.04471907392144203,randomized_svd_calibration_response_not_training,146617459
Response SVD rank16,language_model.model.layers.12.self_attn.o_proj,16,131072,0.9907282590866089,0.9907282590866089,0.020622966811060905,randomized_svd_calibration_response_not_training,2262745759
Response SVD rank16,language_model.model.layers.12.mlp.gate_proj,16,241664,0.994484543800354,0.994484543800354,0.05005223676562309,randomized_svd_calibration_response_not_training,1908392608
Response SVD rank16,language_model.model.layers.12.mlp.up_proj,16,241664,0.9946255683898926,0.9946255683898926,0.0506276935338974,randomized_svd_calibration_response_not_training,1997787133
Response SVD rank16,language_model.model.layers.12.mlp.down_proj,16,241664,0.9944709539413452,0.9944709539413452,0.09361659735441208,randomized_svd_calibration_response_not_training,1820965824
Response SVD rank16,language_model.model.layers.13.self_attn.q_proj,16,131072,0.9913101196289062,0.9913101196289062,0.04128875583410263,randomized_svd_calibration_response_not_training,3167913662
Response SVD rank16,language_model.model.layers.13.self_attn.k_proj,16,131072,0.9910457134246826,0.9910457134246826,0.038889769464731216,randomized_svd_calibration_response_not_training,4099174251
Response SVD rank16,language_model.model.layers.13.self_attn.v_proj,16,131072,0.9915533065795898,0.9915533065795898,0.04721887409687042,randomized_svd_calibration_response_not_training,2255123938
Response SVD rank16,language_model.model.layers.13.self_attn.o_proj,16,131072,0.9911033511161804,0.9911033511161804,0.024833617731928825,randomized_svd_calibration_response_not_training,10823171
Response SVD rank16,language_model.model.layers.13.mlp.gate_proj,16,241664,0.9945120811462402,0.9945120811462402,0.05047590658068657,randomized_svd_calibration_response_not_training,2054865174
Response SVD rank16,language_model.model.layers.13.mlp.up_proj,16,241664,0.9945911169052124,0.9945911169052124,0.050931110978126526,randomized_svd_calibration_response_not_training,3150206221
Response SVD rank16,language_model.model.layers.13.mlp.down_proj,16,241664,0.9945282936096191,0.9945282936096191,0.09683309495449066,randomized_svd_calibration_response_not_training,4294824990
Response SVD rank16,language_model.model.layers.14.self_attn.q_proj,16,131072,0.9912642240524292,0.9912642240524292,0.04237830266356468,randomized_svd_calibration_response_not_training,3583579581
Response SVD rank16,language_model.model.layers.14.self_attn.k_proj,16,131072,0.9911097884178162,0.9911097884178162,0.0416652075946331,randomized_svd_calibration_response_not_training,3343755845
Response SVD rank16,language_model.model.layers.14.self_attn.v_proj,16,131072,0.9915167093276978,0.9915167093276978,0.04751928150653839,randomized_svd_calibration_response_not_training,2200128052
Response SVD rank16,language_model.model.layers.14.self_attn.o_proj,16,131072,0.9905468225479126,0.9905468225479126,0.02706470899283886,randomized_svd_calibration_response_not_training,2082182665
Response SVD rank16,language_model.model.layers.14.mlp.gate_proj,16,241664,0.9945082068443298,0.9945082068443298,0.049080148339271545,randomized_svd_calibration_response_not_training,3976929414
Response SVD rank16,language_model.model.layers.14.mlp.up_proj,16,241664,0.9946048855781555,0.9946048855781555,0.0483686663210392,randomized_svd_calibration_response_not_training,3555579885
Response SVD rank16,language_model.model.layers.14.mlp.down_proj,16,241664,0.9945164918899536,0.9945164918899536,0.08793672174215317,randomized_svd_calibration_response_not_training,2461029770
Response SVD rank16,language_model.model.layers.15.self_attn.q_proj,16,131072,0.9911125302314758,0.9911125302314758,0.04471977800130844,randomized_svd_calibration_response_not_training,2611537525
Response SVD rank16,language_model.model.layers.15.self_attn.k_proj,16,131072,0.990980327129364,0.990980327129364,0.04297364875674248,randomized_svd_calibration_response_not_training,3953350456
Response SVD rank16,language_model.model.layers.15.self_attn.v_proj,16,131072,0.9914190769195557,0.9914190769195557,0.04936758428812027,randomized_svd_calibration_response_not_training,2029862078
Response SVD rank16,language_model.model.layers.15.self_attn.o_proj,16,131072,0.9900094866752625,0.9900094866752625,0.02946401573717594,randomized_svd_calibration_response_not_training,2606596704
Response SVD rank16,language_model.model.layers.15.mlp.gate_proj,16,241664,0.9945217967033386,0.9945217967033386,0.049392927438020706,randomized_svd_calibration_response_not_training,3918625355
Response SVD rank16,language_model.model.layers.15.mlp.up_proj,16,241664,0.9946147203445435,0.9946147203445435,0.04959490895271301,randomized_svd_calibration_response_not_training,821091832
Response SVD rank16,language_model.model.layers.15.mlp.down_proj,16,241664,0.994543194770813,0.994543194770813,0.09117043018341064,randomized_svd_calibration_response_not_training,2006100975
