sample,configuration,teacher_action_mse
sample-0032.npz,W2 clipped,5.906464099884033
sample-0033.npz,W2 clipped,3.0461647510528564
sample-0034.npz,W2 clipped,2.444021224975586
sample-0035.npz,W2 clipped,5.492835521697998
sample-0036.npz,W2 clipped,3.6505610942840576
sample-0037.npz,W2 clipped,6.092998504638672
sample-0038.npz,W2 clipped,3.900662660598755
sample-0039.npz,W2 clipped,4.186206340789795
sample-0040.npz,W2 clipped,3.3633651733398438
sample-0041.npz,W2 clipped,1.876402735710144
sample-0042.npz,W2 clipped,5.870279788970947
sample-0043.npz,W2 clipped,5.4570136070251465
sample-0044.npz,W2 clipped,5.9220685958862305
sample-0045.npz,W2 clipped,5.646008014678955
sample-0046.npz,W2 clipped,2.3194563388824463
sample-0047.npz,W2 clipped,1.996530294418335
sample-0048.npz,W2 clipped,1.0393649339675903
sample-0049.npz,W2 clipped,4.268407344818115
sample-0050.npz,W2 clipped,6.391211032867432
sample-0051.npz,W2 clipped,5.884847164154053
sample-0052.npz,W2 clipped,5.5534348487854
sample-0053.npz,W2 clipped,1.6237987279891968
sample-0054.npz,W2 clipped,4.203688621520996
sample-0055.npz,W2 clipped,4.011560916900635
sample-0056.npz,W2 clipped,3.121891498565674
sample-0057.npz,W2 clipped,0.013108717277646065
sample-0058.npz,W2 clipped,3.6574995517730713
sample-0059.npz,W2 clipped,4.624210834503174
sample-0060.npz,W2 clipped,3.3785622119903564
sample-0061.npz,W2 clipped,4.775761604309082
sample-0062.npz,W2 clipped,4.441385746002197
sample-0063.npz,W2 clipped,4.663802146911621
sample-0032.npz,W2 no extra clip,0.07488526403903961
sample-0033.npz,W2 no extra clip,0.032558318227529526
sample-0034.npz,W2 no extra clip,0.04350657016038895
sample-0035.npz,W2 no extra clip,0.07343099266290665
sample-0036.npz,W2 no extra clip,0.03029440902173519
sample-0037.npz,W2 no extra clip,0.05547019839286804
sample-0038.npz,W2 no extra clip,0.01655271276831627
sample-0039.npz,W2 no extra clip,0.04843095690011978
sample-0040.npz,W2 no extra clip,0.041917432099580765
sample-0041.npz,W2 no extra clip,0.009364987723529339
sample-0042.npz,W2 no extra clip,0.0332048200070858
sample-0043.npz,W2 no extra clip,0.03797321766614914
sample-0044.npz,W2 no extra clip,0.11747515201568604
sample-0045.npz,W2 no extra clip,0.11616194248199463
sample-0046.npz,W2 no extra clip,0.153570294380188
sample-0047.npz,W2 no extra clip,0.026144687086343765
sample-0048.npz,W2 no extra clip,0.09118537604808807
sample-0049.npz,W2 no extra clip,0.030535921454429626
sample-0050.npz,W2 no extra clip,0.07152453809976578
sample-0051.npz,W2 no extra clip,0.04767659306526184
sample-0052.npz,W2 no extra clip,0.08877616375684738
sample-0053.npz,W2 no extra clip,0.04606352373957634
sample-0054.npz,W2 no extra clip,0.07062440365552902
sample-0055.npz,W2 no extra clip,0.04118549823760986
sample-0056.npz,W2 no extra clip,0.040284644812345505
sample-0057.npz,W2 no extra clip,0.03965300694108009
sample-0058.npz,W2 no extra clip,0.08852317184209824
sample-0059.npz,W2 no extra clip,0.05690649524331093
sample-0060.npz,W2 no extra clip,0.051794443279504776
sample-0061.npz,W2 no extra clip,0.0255790613591671
sample-0062.npz,W2 no extra clip,0.07021524012088776
sample-0063.npz,W2 no extra clip,0.031116817146539688
sample-0032.npz,Attention no clip,0.05869248881936073
sample-0033.npz,Attention no clip,0.014050489291548729
sample-0034.npz,Attention no clip,0.05684269219636917
sample-0035.npz,Attention no clip,0.06363920867443085
sample-0036.npz,Attention no clip,0.02409430965781212
sample-0037.npz,Attention no clip,1.0010305643081665
sample-0038.npz,Attention no clip,0.020289676263928413
sample-0039.npz,Attention no clip,0.05725700408220291
sample-0040.npz,Attention no clip,0.5597068667411804
sample-0041.npz,Attention no clip,0.016530277207493782
sample-0042.npz,Attention no clip,0.06872960925102234
sample-0043.npz,Attention no clip,0.045542169362306595
sample-0044.npz,Attention no clip,0.1184161826968193
sample-0045.npz,Attention no clip,0.14097747206687927
sample-0046.npz,Attention no clip,0.10540322214365005
sample-0047.npz,Attention no clip,0.0685582235455513
sample-0048.npz,Attention no clip,0.11542098224163055
sample-0049.npz,Attention no clip,0.028256764635443687
sample-0050.npz,Attention no clip,0.03421340137720108
sample-0051.npz,Attention no clip,0.10186676681041718
sample-0052.npz,Attention no clip,0.11486247926950455
sample-0053.npz,Attention no clip,0.05383584648370743
sample-0054.npz,Attention no clip,0.09698699414730072
sample-0055.npz,Attention no clip,0.04435950145125389
sample-0056.npz,Attention no clip,0.022353816777467728
sample-0057.npz,Attention no clip,0.06923074275255203
sample-0058.npz,Attention no clip,0.07300416380167007
sample-0059.npz,Attention no clip,1.175149917602539
sample-0060.npz,Attention no clip,0.04723973944783211
sample-0061.npz,Attention no clip,0.015858527272939682
sample-0062.npz,Attention no clip,0.051264453679323196
sample-0063.npz,Attention no clip,0.8880187273025513
sample-0032.npz,MLP no clip,0.3904028534889221
sample-0033.npz,MLP no clip,0.6685947179794312
sample-0034.npz,MLP no clip,0.4280545711517334
sample-0035.npz,MLP no clip,0.4125180244445801
sample-0036.npz,MLP no clip,0.5903313755989075
sample-0037.npz,MLP no clip,0.6167637705802917
sample-0038.npz,MLP no clip,0.12811411917209625
sample-0039.npz,MLP no clip,0.21018807590007782
sample-0040.npz,MLP no clip,0.256187379360199
sample-0041.npz,MLP no clip,0.315766841173172
sample-0042.npz,MLP no clip,0.10202068090438843
sample-0043.npz,MLP no clip,0.8272894024848938
sample-0044.npz,MLP no clip,0.2064775675535202
sample-0045.npz,MLP no clip,0.17874085903167725
sample-0046.npz,MLP no clip,0.3621874749660492
sample-0047.npz,MLP no clip,0.32041358947753906
sample-0048.npz,MLP no clip,0.4171096384525299
sample-0049.npz,MLP no clip,0.2682332396507263
sample-0050.npz,MLP no clip,0.1448996514081955
sample-0051.npz,MLP no clip,0.058479588478803635
sample-0052.npz,MLP no clip,0.10732673108577728
sample-0053.npz,MLP no clip,0.3640511929988861
sample-0054.npz,MLP no clip,0.3626781404018402
sample-0055.npz,MLP no clip,0.16002380847930908
sample-0056.npz,MLP no clip,0.05672421678900719
sample-0057.npz,MLP no clip,0.2669978141784668
sample-0058.npz,MLP no clip,0.17309507727622986
sample-0059.npz,MLP no clip,0.1186186820268631
sample-0060.npz,MLP no clip,0.2963697910308838
sample-0061.npz,MLP no clip,0.028872404247522354
sample-0062.npz,MLP no clip,0.25909435749053955
sample-0063.npz,MLP no clip,0.3179762661457062
sample-0032.npz,W4 blocks 10-12; rest clipped,5.671141624450684
sample-0033.npz,W4 blocks 10-12; rest clipped,3.2619144916534424
sample-0034.npz,W4 blocks 10-12; rest clipped,1.8790054321289062
sample-0035.npz,W4 blocks 10-12; rest clipped,5.357245445251465
sample-0036.npz,W4 blocks 10-12; rest clipped,3.5113987922668457
sample-0037.npz,W4 blocks 10-12; rest clipped,4.767646312713623
sample-0038.npz,W4 blocks 10-12; rest clipped,4.1310648918151855
sample-0039.npz,W4 blocks 10-12; rest clipped,3.360825300216675
sample-0040.npz,W4 blocks 10-12; rest clipped,3.167789936065674
sample-0041.npz,W4 blocks 10-12; rest clipped,1.945353388786316
sample-0042.npz,W4 blocks 10-12; rest clipped,5.260050296783447
sample-0043.npz,W4 blocks 10-12; rest clipped,4.593466281890869
sample-0044.npz,W4 blocks 10-12; rest clipped,5.314894199371338
sample-0045.npz,W4 blocks 10-12; rest clipped,2.1989433765411377
sample-0046.npz,W4 blocks 10-12; rest clipped,3.1819872856140137
sample-0047.npz,W4 blocks 10-12; rest clipped,2.5737826824188232
sample-0048.npz,W4 blocks 10-12; rest clipped,1.5146563053131104
sample-0049.npz,W4 blocks 10-12; rest clipped,4.413769721984863
sample-0050.npz,W4 blocks 10-12; rest clipped,5.655712127685547
sample-0051.npz,W4 blocks 10-12; rest clipped,5.331145286560059
sample-0052.npz,W4 blocks 10-12; rest clipped,4.907966613769531
sample-0053.npz,W4 blocks 10-12; rest clipped,1.6971627473831177
sample-0054.npz,W4 blocks 10-12; rest clipped,4.878990650177002
sample-0055.npz,W4 blocks 10-12; rest clipped,4.455459117889404
sample-0056.npz,W4 blocks 10-12; rest clipped,3.5151875019073486
sample-0057.npz,W4 blocks 10-12; rest clipped,0.8061603903770447
sample-0058.npz,W4 blocks 10-12; rest clipped,3.364302396774292
sample-0059.npz,W4 blocks 10-12; rest clipped,2.429185152053833
sample-0060.npz,W4 blocks 10-12; rest clipped,3.4486358165740967
sample-0061.npz,W4 blocks 10-12; rest clipped,3.774165391921997
sample-0062.npz,W4 blocks 10-12; rest clipped,3.7771129608154297
sample-0063.npz,W4 blocks 10-12; rest clipped,4.496665000915527
